  acinar cell	alveolar epithelial cell	amniotic epithelial cell	astrocyte	blood vessel endothelial cell	bronchial epithelial cell	bronchial smooth muscle cell	cardiac fibroblast	cardiac myocyte	cd14+ monocyte derived endothelial progenitor cell	chondrocyte	ciliated epithelial cell	corneal epithelial cell	dendritic cell - monocyte immature derived	endothelial cell of hepatic sinusoid	endothelial cell of lymphatic vessel	enteric smooth muscle cell	epithelial cell of malassez	epithelial cell of prostate	fat cell	fibroblast of choroid plexus	fibroblast of gingiva	fibroblast of lymphatic vessel	fibroblast of periodontium	fibroblast of tunica adventitia of artery	gingival epithelial cell	hair follicle cell	hepatic stellate cell	immature langerhans cell	keratinocyte - epidermal	keratocyte	kidney epithelial cell	lens epithelial cell	lymphocyte of b lineage	macrophage	mammary epithelial cell	mast cell	melanocyte - light	mesenchymal precursor cell	mesenchymal somatic cell	mesenchymal stem cell - adipose	mesenchymal stem cell - amniotic membrane	mesenchymal stem cell - bone marrow	mesenchymal stem cell - hepatic	mesenchymal stem cell - umbilical	mesothelial cell	migratory langerhans cell	monocyte	multipotent cord blood unrestricted somatic stem cell	myoblast	natural killer cell	neuron	neuronal stem cell	neutrophil	osteoblast	pericyte cell	placental epithelial cell	preadipocyte	reticulocyte	retinal pigment epithelial cell	sensory epithelial cell	skeletal muscle cell	skin fibroblast	small airway epithelial cell	smooth muscle cell of prostate	smooth muscle cell of trachea	stromal cell	t cell	tendon cell	trabecular meshwork cell	tracheal epithelial cell	urothelial cell	vascular associated smooth muscle cell
abortion, spontaneous	0.9887	0.4837	0.4369	0.9616	0.8044	0.7182	0.4701	0.7429	0.7326	0.0094	0.4214	0.7904	0.8119	0.1106	0.0834	0.6387	0.6995	0.7792	0.979	0.5126	0.961	0.8975	0.2151	0.8081	0.272	0.8611	0.5872	0.1352	0.0261	0.9586	0.3121	0.9201	0.9391	0.0145	0.1289	0.6239	0.728	0.1574	0.9261	0.132	0.3246	0.4022	0.7239	0.9647	0.1827	0.3901	0.0451	1e-04	0.369	0.6177	0.0057	0.9893	0.2793	0.009	0.0837	0.951	0.4779	0.8688	0.0769	0.9257	0.7448	0.685	0.778	0.9697	0.5964	0.5969	0.7508	0.0018	0.2736	0.4153	0.3628	0.7858	0.9279
acute coronary syndrome	0.0208	0.5079	0.7793	0.9813	0.2026	0.309	0.8683	0.5094	0.2557	0.0804	0.9838	0.9893	0.2995	0.3828	0.4232	0.1482	0.6871	0.3583	0.0229	0.1403	0.3005	0.7358	0.3072	0.971	0.5639	0.2047	0.3401	0.1852	0.0164	0.1113	0.2518	0.2516	0.9997	0.2466	0.0591	0.801	0.5765	0.3094	0.5679	0.0181	0.0241	0.9289	0.9367	0.1738	0.4258	0.6561	0.3361	0.1357	0.8587	0.7483	0.4295	0.691	0.8804	0.1733	0.9312	0.792	0.6926	0.779	0.3415	0.8901	0.8348	0.9461	0.9333	0.0554	0.7858	0.2959	0.7673	0.588	0.7603	0.8216	0.1357	0.2223	0.4471
alcohol abuse	0.5604	0.6052	0.6374	0.5698	0.6237	0.5479	0.0451	0.1269	0.048	0.514	0.618	0.8115	0.4005	0.7886	0.3159	0.5377	0.3596	0.8826	0.9351	0.0109	0.3851	0.5753	0.3031	0.9224	0.3384	0.9204	0.1421	0.0772	0.9339	0.279	0.3275	0.9766	0.3199	0.839	0.5279	0.6823	0.0359	0.2809	0.3335	0.0445	0.5279	0.2885	0.9522	0.064	0.2065	0.0961	0.6396	0.6999	0.5194	0.5151	0.9973	0.5925	0.2672	0.2758	0.0057	0.4811	0.5716	0.283	0.3247	0.7944	0.6979	0.9061	0.9295	0.7592	0.7099	0.0548	0.4821	0.9982	0.1494	0.6155	0.7602	0.8503	0.022
alcoholism	0.6078	0.7929	0.3615	0.0785	0.9705	0.3742	0.4272	0.5522	0.8287	0.9601	0.7459	0.0996	0.1764	0.4853	0.4012	0.9435	0.6618	0.6582	0.5085	0.2605	0.3786	0.3464	0.1302	0.6638	0.9198	0.7223	0.2384	0.1769	0.8977	0.8687	0.2756	0.9269	0.0017	0.4952	0.8938	0.9562	0.6175	0.1053	0.4184	0.761	0.9336	0.2445	0.5318	0.3919	0.2414	0.9336	0.7338	0.8513	0.4692	0.4507	0.9869	1e-04	1e-04	0.8028	0.0127	0.7649	0.7474	0.2304	0.2889	0.3235	0.1686	0.9672	0.172	0.9013	0.8183	0.2596	0.3877	0.9986	0.3221	0.3336	0.4261	0.7221	0.8413
amyotrophic lateral sclerosis	0.0268	0.8687	0.1919	0.996	0.9058	0.3512	0.7869	0.3811	0.3329	0.1658	0.8698	0.5997	0.2753	0.0056	0.2326	0.3951	0.6662	0.0012	0.1617	0.3243	0.3424	0.6157	0.4319	0.7795	0.5885	0.014	0.3997	0.189	0.173	0.0733	0.7286	0.8649	0.2278	0.2893	0.0102	0.5647	0.641	0.6584	0.3527	0.3204	0.4034	0.5637	0.9718	0.4731	0.5459	0.3058	0.0937	0.8557	0.2558	0.1861	0.9343	0.998	0.6555	0.7869	0.5987	0.8859	0.6631	0.7415	0.7433	0.8624	0.6594	0.7701	0.8681	0.1574	0.3947	0.2612	0.94	0.5366	0.4758	0.9083	0.4948	0.0482	0.7456
aortic aneurysm, abdominal	0.6181	0.944	0.7605	0.9545	0.8387	0.915	0.3383	0.4021	0.4421	0.0067	0.0155	0.9977	0.9874	0.0186	0.4979	0.9127	0.647	0.5632	0.7207	0.0599	0.5223	0.1019	0.4298	0.4332	0.0119	0.8572	0.2794	0.2177	0.5724	0.7309	0.4039	0.9848	0.9915	0.4368	0.0045	0.8344	0.8936	0.4558	0.0249	0.5649	0.3145	0.7536	0.6392	0.8184	0.403	0.412	0.8123	0.0863	0.2619	0.2988	0.6639	0.9874	0.9184	0.5519	0.0139	0.2552	0.9309	0.0465	0.988	0.9974	0.4768	0.8638	0.0862	0.8577	0.3727	0.3247	0.1269	0.7709	0.0079	0.4967	0.6148	0.7871	0.0878
arthritis	0.2556	0.6859	0.9435	1	0.7631	0.2086	0.9511	0.5442	0.6141	1e-04	0.9184	0.999	0.2657	1e-04	0.0506	0.1206	0.9289	0.2009	0.348	0.9964	0.8632	0.7658	0.2142	0.8898	0.064	0.0619	0.4355	0.8774	0.0068	0.1783	0.5559	0.9849	1	3e-04	1e-04	0.4001	0.2501	0.9763	0.6868	0.5908	0.1957	0.7035	0.9454	0.8721	0.4142	0.7596	0.0953	1e-04	0.8347	0.9876	1e-04	0.9991	0.8134	1e-04	0.9891	0.9899	0.9977	0.9661	0.4271	0.9998	0.7884	0.9991	0.9986	0.6859	0.7917	0.5472	0.9586	0.0033	0.5173	0.6988	0.0177	0.0691	0.5074
arthritis, juvenile rheumatoid	0.4662	0.5929	0.4257	0.9983	0.9445	0.2266	0.8507	0.8488	0.9251	0.0014	0.6369	0.9232	0.2049	6e-04	0.5612	0.8555	0.8952	0.0931	0.1831	0.9843	0.8414	0.9697	0.5024	0.9478	0.6868	0.1167	0.1673	0.9658	0.007	0.1254	0.4228	0.9201	0.9998	8e-04	0.0017	0.4922	0.0135	0.933	0.7257	0.3218	0.3251	0.8569	0.7985	0.8795	0.4287	0.6398	0.0071	2e-04	0.9367	0.9219	8e-04	0.9998	0.9735	2e-04	0.6802	0.9732	0.7571	0.8663	0.4984	0.9998	0.7393	0.9048	0.9867	0.3696	0.9515	0.6904	0.9343	0.0014	0.6193	0.8038	0.0827	0.0505	0.4592
arthritis, psoriatic	0.2168	0.3223	0.879	0.9989	0.5295	0.2716	0.7904	0.8106	0.8155	0.0244	0.7807	0.9488	0.2203	0.0456	0.1286	0.3851	0.8903	0.1718	0.1361	0.9011	0.879	0.8182	0.1534	0.7955	0.6225	0.1057	0.1949	0.9646	0.007	0.1988	0.478	0.8267	0.9975	0.0601	0.0919	0.1641	0.0712	0.9488	0.7822	0.4333	0.119	0.6485	0.6458	0.745	0.4693	0.6992	0.0098	0.0017	0.7984	0.8695	0.0285	0.9984	0.8458	0.0016	0.7389	0.9152	0.6599	0.8209	0.7199	0.9461	0.4587	0.935	0.9032	0.1974	0.7831	0.6412	0.9734	0.0141	0.5178	0.8933	0.1362	0.1163	0.4083
arthritis, rheumatoid	0.5823	0.8203	0.8341	0.9979	0.898	0.6436	0.522	0.3044	0.7775	1e-04	0.4152	0.9383	0.8743	2e-04	0.1311	0.504	0.9176	0.397	0.9946	0.9582	0.9507	0.7875	0.0378	0.6176	0.0958	0.3967	0.1072	0.9186	8e-04	0.7264	0.8626	0.776	0.9996	1e-04	1e-04	0.6347	0.0502	0.793	0.8052	0.8623	0.0527	0.7518	0.8496	0.7651	0.2871	0.9346	0.0162	1e-04	0.7445	0.5474	1e-04	0.9996	0.8807	1e-04	0.9909	0.882	0.9925	0.8354	0.2522	0.9998	1	0.5431	0.9938	0.9254	0.8919	0.7196	0.5734	1e-04	0.3605	0.6746	0.3066	0.7221	0.683
asthma	0.8566	0.736	0.9976	1	1	0.3575	0.7788	0.4742	0.3887	1e-04	0.546	1	0.8254	1e-04	0.6825	0.6966	0.8071	0.5105	0.6271	0.4004	0.8021	0.8694	0.0796	0.9712	0.2098	0.5296	0.1491	0.0806	1e-04	0.9791	0.7053	1	1	1e-04	1e-04	0.9659	5e-04	0.9976	0.6384	0.4632	0.1242	0.8235	0.9702	0.103	0.3593	0.6252	0.0013	1e-04	0.6689	0.6281	1e-04	1	1	1e-04	0.5298	0.9911	0.9993	0.8338	0.0032	1	0.9911	1	1	0.695	0.895	0.2217	0.9745	1e-04	0.0651	0.7408	0.2968	0.7212	0.992
atherosclerosis	0.2925	0.7071	0.887	0.9997	0.8833	0.3845	0.538	0.1325	0.0906	2e-04	0.3642	0.9996	0.1592	0.0505	0.0143	0.2914	0.799	0.4933	0.578	0.094	0.0708	0.7737	0.0229	0.9943	0.5774	0.5723	0.0917	1e-04	0.046	0.8545	0.5107	0.9185	0.9887	0.3061	0.0018	0.8811	0.9971	0.7776	0.8841	0.0843	0.3208	0.9719	0.847	0.0016	0.5564	0.49	0.4628	0.037	0.6617	0.7075	0.7976	0.9993	0.9894	8e-04	0.1786	0.176	0.4149	0.7361	0.1324	0.9995	0.9995	0.9923	0.9998	0.5946	0.4434	0.508	0.724	0.9819	0.3207	0.7944	0.0326	0.0906	0.7896
attention deficit disorder with hyperactivity	0.7849	0.8726	0.4447	0.2888	0.9567	0.7449	0.1103	0.1398	0.1845	0.9569	0.0501	0.2741	0.4251	0.9828	0.4647	0.9118	0.206	0.9734	0.8188	0.0157	0.2381	0.0147	0.2022	0.0048	0.6483	0.6775	0.0044	0.0318	0.8858	0.8968	0.3587	0.8265	0.333	0.9887	0.9936	0.837	0.8632	0.2492	0.2174	0.2292	0.5801	0.1407	0.5142	0.2908	0.5397	0.3088	0.9629	0.9216	0.6119	0.5272	1	0.0166	0.0458	0.7588	0.0393	0.3937	0.2489	0.0142	0.5832	0.7718	0.2947	0.7277	0.0709	0.9742	0.7676	0.0136	0.7014	1	0.0026	0.2552	0.7059	0.9506	0.1624
autistic disorder	0.6959	0.9	0.6596	0.001	0.7673	0.6853	0.7815	0.1192	0.0938	0.9832	0.2157	0.0234	0.3153	0.999	0.6782	0.4948	0.2724	0.0309	0.1225	0.4921	0.193	0.8061	0.946	0.5179	0.5312	0.5345	0.6527	0.6007	0.5062	0.1292	0.7868	0.2958	0.0405	0.6418	0.8811	0.7534	0.9071	0.0446	0.5161	0.1292	0.9432	0.9212	0.8388	0.2435	0.9769	0.6031	0.7183	0.6454	0.0404	0.4275	0.9053	1e-04	1e-04	0.9244	0.5197	0.0723	0.9147	0.2876	0.9301	0.706	0.198	0.5694	0.3448	0.8139	0.9796	0.9276	0.7313	0.833	0.7756	0.7064	0.527	0.571	0.6199
behcet syndrome	0.0434	0.9014	0.661	1	0.9364	0.154	0.9542	0.6122	0.9321	1e-04	0.9755	0.9995	0.2645	1e-04	0.1566	0.7465	0.9812	0.0691	0.2872	0.9959	0.9254	0.9893	0.3849	0.9872	0.523	0.0488	0.6749	0.8682	1e-04	0.088	0.7057	0.985	0.9999	1e-04	1e-04	0.0822	0.6166	0.9097	0.9756	0.0234	0.282	0.8775	0.9848	0.9657	0.4838	0.8175	8e-04	1e-04	0.6785	0.9178	1e-04	0.9979	0.956	1e-04	0.6929	0.9732	0.9586	0.9997	0.072	0.9997	0.989	0.9972	1	0.3823	0.965	0.628	0.9946	1e-04	0.8682	0.8248	0.0111	0.0203	0.8863
bipolar disorder	0.2623	0.9762	0.6661	0.1075	0.8562	0.6993	0.8612	0.5212	0.6362	0.9594	0.1501	0.2141	0.1087	0.9484	0.6245	0.2446	0.7517	0.7431	0.678	0.455	0.8747	0.2279	0.3348	0.1926	0.8031	0.5847	0.7129	0.4002	0.0668	0.306	0.5956	0.9874	0.3979	0.3947	0.9837	0.2962	0.2366	0.0086	0.0391	0.5005	0.7665	0.1136	0.6162	0.7487	0.65	0.3443	0.5547	0.5444	0.4531	0.1647	0.8423	1e-04	1e-04	0.8791	0.0391	0.8037	0.8424	0.1049	0.9893	0.8457	0.002	0.6077	0.1846	0.6284	0.5781	0.9897	0.6172	0.8578	0.7802	0.5905	0.8863	0.9005	0.9058
cardiomyopathies	0.3269	0.6593	0.0034	0.456	0.8799	0.7024	0.4472	0.226	0.056	0.9873	0.6235	0.3574	0.1617	0.9346	0.0744	0.7043	0.154	0.0598	0.5102	0.1081	0.3712	0.5379	0.8149	0.5628	0.5967	0.2274	0.3479	1e-04	0.9393	0.4557	0.7391	0.7572	0.2512	0.9982	0.9043	0.2284	0.8724	0.9979	0.3943	0.0219	0.8356	0.1253	0.8879	0.1309	0.2676	0.2039	0.7827	1	0.368	0.0138	0.9946	0.5693	0.7329	0.9243	0.6113	0.0666	0.0024	0.6421	0.7905	0.1526	0.0477	0.0042	0.5046	0.5298	0.9015	0.9278	0.7475	0.9999	0.2969	0.8537	0.685	0.218	0.2708
cardiomyopathy, hypertrophic	0.7663	0.6786	0.3288	0.1478	0.6496	0.9783	0.359	0.3374	0.4723	0.8809	0.3353	0.4209	0.8641	0.6591	0.1287	0.7333	0.0504	0.9425	0.984	0.0236	0.1796	0.5066	0.4286	0.3708	0.2844	0.9915	0.1219	1e-04	0.9176	0.9995	0.406	0.4059	0.531	0.9039	0.7227	0.8289	0.6652	0.5409	0.1178	0.7726	0.5603	0.0535	0.3911	0.427	0.7874	0.4779	0.8468	0.9965	0.0789	0.003	0.884	0.3705	0.3449	0.6145	0.0526	1e-04	0.3108	0.5129	0.9702	0.2084	0.6668	1e-04	0.6432	0.9916	0.9032	0.172	0.4322	0.9989	0.0417	0.6971	0.9629	0.9421	0.5162
cardiovascular diseases	0.9748	0.709	0.974	0.9656	0.9632	0.2982	0.2335	0.123	0.0259	1e-04	0.9535	0.9507	0.2682	2e-04	0.1063	0.6696	0.3592	0.865	0.9425	0.0022	0.5383	0.8762	0.0336	0.8771	0.7848	0.7713	0.4989	1e-04	0.4317	0.9215	0.4583	0.8779	0.9159	0.0524	4e-04	0.9887	0.9771	0.2524	0.747	0.209	0.3144	0.4763	0.6008	0.0907	0.2668	0.2192	0.5283	0.0441	0.5615	0.5553	0.3784	0.8293	0.8736	4e-04	0.4887	0.2676	0.9636	0.6993	0.0029	0.8059	0.9993	0.1661	0.9761	0.9486	0.662	0.1489	0.4396	0.9938	0.5533	0.478	0.5302	0.7781	0.8548
carotid atherosclerosis	0.8449	0.5293	0.5866	0.9923	0.696	0.4173	0.3368	0.2625	0.1248	9e-04	0.9849	0.9963	0.4991	0.0492	0.102	0.6279	0.7827	0.9028	0.7562	0.231	0.4305	0.9137	0.3281	0.9934	0.5308	0.769	0.3076	2e-04	0.4518	0.7565	0.7704	0.1094	0.846	0.2244	0.0054	0.8543	0.9704	0.6401	0.5507	0.0032	0.3264	0.7535	0.7063	0.2478	0.4582	0.2076	0.3191	0.0545	0.8234	0.8716	0.2966	0.7586	0.98	0.0247	0.4009	0.1715	0.7758	0.8874	0.0015	0.6407	0.8118	0.5558	0.9641	0.5752	0.7037	0.52	0.5123	0.2806	0.6846	0.7847	0.0536	0.5079	0.9802
celiac disease	0.9315	0.4446	0.9218	1	0.9998	0.3565	0.8717	0.5777	0.8596	1e-04	0.9962	0.9792	0.5225	1e-04	0.3611	0.4582	0.9714	0.6393	0.5397	0.9878	0.8316	0.9605	0.1653	0.9947	0.1886	0.422	0.9316	0.4651	1e-04	0.9568	0.7195	1	1	1e-04	1e-04	0.9381	0.0136	0.9431	0.9992	0.135	0.5242	0.9013	0.8421	0.6794	0.4807	0.4294	1e-04	1e-04	0.5823	0.8698	1e-04	1	0.8487	1e-04	0.9397	0.9883	0.9879	1	0.0043	1	0.9865	0.9492	1	0.7819	0.9758	0.9492	0.9015	1e-04	0.8409	0.748	0.1113	0.7938	0.9962
cerebral infarction	0.5758	0.4533	0.264	0.9607	0.843	0.2809	0.6444	0.2615	0.2313	0.5632	0.6364	0.9544	0.4659	0.1249	0.1125	0.7811	0.5389	0.4913	0.7259	0.6882	0.2876	0.7463	0.3463	0.8369	0.2947	0.6635	0.4359	0.0056	0.4391	0.6865	0.1269	0.1039	0.8592	0.2968	0.0868	0.5593	0.4637	0.8249	0.0472	0.1448	0.3699	0.9163	0.7493	0.1512	0.5734	0.63	0.9993	0.1249	0.6877	0.7015	0.5499	0.9648	0.9536	0.0101	0.2533	0.5529	0.4955	0.5862	0.4029	0.9059	0.8904	0.5524	0.9463	0.3582	0.6038	0.2985	0.853	0.4665	0.2212	0.1305	0.0811	0.2035	0.1402
cerebral palsy	0.5276	0.1807	0.4566	0.9992	0.487	0.1438	0.4602	0.4559	0.3108	0.0186	0.7879	0.9998	0.2248	0.2199	0.0263	0.3793	0.906	0.4769	0.8341	0.7015	0.5542	0.9625	0.1439	0.9926	0.3715	0.4417	0.5133	0.0063	0.0424	0.5276	0.2896	0.5708	0.9807	0.0522	0.2914	0.5859	0.8425	0.4712	0.9306	0.0565	0.4587	0.7957	0.5098	0.7469	0.3963	0.6158	0.2012	0.0129	0.4641	0.7858	0.0552	0.9975	0.5391	0.0263	0.1404	0.5706	0.7544	0.8511	0.1108	0.9776	0.8349	0.8549	0.8553	0.5117	0.8175	0.3606	0.9157	0.1781	0.7216	0.5788	0.1691	0.2563	0.4294
colitis, ulcerative	0.8406	0.9452	0.7428	0.9895	0.9778	0.7894	0.759	0.0911	0.2565	1e-04	0.3733	0.5787	0.901	1e-04	0.7919	0.7636	0.1967	0.2495	0.8233	0.2459	0.5091	0.7337	0.6603	0.9692	0.182	0.2112	0.5071	0.7455	0.006	0.7903	0.9228	0.9133	0.9908	0.0095	1e-04	0.7449	0.3728	0.7919	0.2853	0.0206	0.6253	0.5762	0.9727	0.3347	0.6555	0.5133	0.0886	1e-04	0.7859	0.2743	0.1087	0.9588	0.8579	0.0021	0.9633	0.9211	0.73	0.2615	0.3382	0.9633	0.8887	0.6657	0.9709	0.7957	0.7008	0.8743	0.2569	0.1026	0.4998	0.7833	0.5071	0.8158	0.7918
coronary arteriosclerosis	0.9942	0.9415	0.9551	1	0.9715	0.843	0.5771	0.0209	0.0275	1e-04	0.8319	0.9917	0.7845	8e-04	0.1029	0.4649	0.6113	0.9366	0.9779	0.0458	0.3989	0.79	0.0367	0.9479	0.021	0.9079	0.304	1e-04	0.1186	0.9981	0.6703	0.9497	0.9417	0.0495	1e-04	0.9931	0.904	0.3568	0.439	0.0194	0.2303	0.9401	0.894	0.0268	0.3969	0.0649	0.4432	0.0019	0.7876	0.6059	0.4158	0.9968	0.9874	2e-04	0.4594	0.3736	0.8913	0.6115	0.0018	0.895	0.9919	0.289	0.998	0.9451	0.6962	0.2924	0.4625	0.9271	0.2021	0.7577	0.473	0.6785	0.4779
coronary artery disease	0.8378	0.8821	0.5683	1	0.8283	0.2987	0.7307	0.0385	0.0526	1e-04	0.8538	0.9994	0.3923	0.0052	0.0026	0.1876	0.7453	0.7482	0.6806	0.0567	0.8044	0.9952	0.0964	0.981	0.6717	0.6406	0.7775	0.0026	0.0022	0.7945	0.2975	0.9554	0.9593	0.049	1e-04	0.9968	0.3341	0.0673	0.8737	0.066	0.1486	0.8131	0.9682	0.0496	0.3443	0.5556	0.1419	0.0423	0.5615	0.9533	0.66	0.999	0.9195	1e-04	0.5775	0.707	0.5414	0.7395	0.0017	0.9693	0.8113	0.9782	0.9987	0.6486	0.6439	0.2824	0.8988	0.8302	0.6058	0.8234	0.1982	0.2277	0.6287
coronary disease	0.9688	0.7946	0.8144	0.9992	0.7942	0.5119	0.4026	0.0757	0.1033	1e-04	0.9835	0.9994	0.479	0.0016	0.0267	0.0901	0.5096	0.7265	0.6909	0.1771	0.1685	0.958	0.0297	0.9559	0.6102	0.6305	0.2581	1e-04	0.2711	0.9714	0.3087	0.4719	0.926	0.1488	1e-04	0.9889	0.9921	0.0636	0.9217	0.6602	0.0969	0.6521	0.9352	0.1025	0.4503	0.5874	0.7066	0.0169	0.596	0.4964	0.3207	0.9436	0.9614	0.0063	0.209	0.1055	0.6187	0.9566	0.0779	0.9418	0.9626	0.853	0.9882	0.7534	0.4477	0.1235	0.8728	0.9338	0.6001	0.4434	0.1502	0.5305	0.8598
crohn disease	0.8228	0.8027	0.6513	1	0.9183	0.807	0.5269	0.9307	0.8682	1e-04	0.483	0.9936	0.6688	1e-04	0.2133	0.3364	0.7826	0.413	0.889	0.5762	0.8052	0.9674	0.1079	0.9915	0.7931	0.413	0.5269	0.4052	1e-04	0.8246	0.8215	0.7947	1	6e-04	1e-04	0.6791	0.0085	0.9633	0.8636	0.02	0.826	0.5227	0.8725	0.456	0.3689	0.7717	1e-04	1e-04	0.7119	0.9714	1e-04	0.9999	0.9862	1e-04	0.6256	0.9082	0.8911	0.9861	0.0863	0.9999	0.9116	0.9957	0.9921	0.858	0.448	0.7667	0.7723	1e-04	0.7409	0.8605	0.4638	0.2581	0.8606
deep vein thrombosis	0.7101	0.3923	0.1994	0.968	0.6877	0.317	0.4535	0.3531	0.5539	0.1633	0.3792	0.9653	0.4556	0.0814	0.1229	0.6596	0.5425	0.8826	0.818	0.466	0.2197	0.9335	0.2662	0.9706	0.0732	0.8269	0.8702	0.001	0.2847	0.7405	0.2001	0.1886	0.8474	0.2682	0.1353	0.4025	0.3838	0.0499	0.8309	0.2715	0.5459	0.6899	0.3494	0.3846	0.347	0.6919	0.9366	0.2027	0.1982	0.8232	0.4244	0.9205	0.9599	0.0226	0.1993	0.2624	0.1776	0.8786	0.1942	0.4793	0.4784	0.6112	0.8342	0.2838	0.6864	0.6757	0.9411	0.073	0.8221	0.3796	0.1415	0.3649	0.8924
dementia	0.4916	0.9177	0.536	0.9968	0.7368	0.4993	0.0987	0.0513	0.0036	0.0324	0.9579	0.8757	0.6594	0.1365	0.5351	0.1328	0.1178	0.4873	0.3621	0.0083	0.0665	0.7532	0.2763	0.9838	0.682	0.7857	0.2797	0.0049	0.7567	0.5734	0.5985	0.6667	0.0604	0.9914	0.0373	0.7417	0.9992	0.1094	0.1858	0.0971	0.5877	0.4267	0.836	0.0016	0.3033	0.0037	0.9644	0.9804	0.4806	0.1916	0.9991	0.9383	0.9869	0.8291	0.065	0.0529	0.7503	0.6326	0.6299	0.8012	0.9794	0.8766	0.9983	0.5136	0.6259	0.0183	0.2705	0.9976	0.6259	0.9142	0.1129	0.2645	0.1991
depression	0.2005	0.9174	0.5379	0.7071	0.9831	0.8117	0.174	0.1208	0.3196	0.6692	0.1101	0.9175	0.7449	0.4767	0.4626	0.631	0.5916	0.3093	0.4902	0.002	0.1352	0.1601	0.2439	0.4617	0.6797	0.9253	0.0625	0.1071	0.3127	0.8132	0.4438	0.9957	0.2981	0.374	0.7972	0.7125	0.6148	0.3327	0.3099	0.798	0.6328	0.161	0.9372	0.3899	0.7532	0.2063	0.963	0.4123	0.2276	0.3019	0.5792	0.1702	0.0381	0.1649	0.0478	0.7843	0.4382	0.1127	0.5496	0.972	0.6506	0.9008	0.2411	0.4499	0.6791	0.146	0.986	0.8703	0.1694	0.5333	0.7461	0.6236	0.6647
depressive disorder, major	0.6502	0.8395	0.8045	0.0786	0.5918	0.8375	0.5877	0.2718	0.8812	0.3043	0.5831	0.417	0.257	0.0594	0.1243	0.4805	0.6494	0.3746	0.8548	0.755	0.339	0.0827	0.1766	0.2999	0.9978	0.2746	0.6585	0.7917	0.0162	0.664	0.5257	0.9726	0.604	0.1747	0.2728	0.7853	0.1982	0.0355	0.7083	0.4869	0.923	0.1677	0.7597	0.835	0.7529	0.6576	0.4372	0.1712	0.4332	0.723	0.3569	1e-04	0.0013	0.1276	0.1502	0.8303	0.6567	0.6585	0.1921	0.7636	0.8176	0.9838	0.0535	0.8887	0.9051	0.8673	0.9199	0.7473	0.1986	0.2891	0.835	0.6599	0.9818
diabetes mellitus	0.9801	0.8271	0.8092	0.2614	0.6936	0.5713	0.6099	0.5541	0.6328	0.0912	0.6702	0.6881	0.6255	0.1407	0.0892	0.0931	0.3639	0.7769	0.7596	0.7931	0.1948	0.8395	0.2282	0.9747	0.9965	0.8692	0.7892	0.0026	0.2398	0.8917	0.4863	0.0238	0.4132	0.0242	0.0778	0.7472	0.9775	0.2344	0.9944	0.9696	0.3662	0.6115	0.8433	0.1581	0.1225	0.4299	0.37	2e-04	0.4238	0.3734	0.2127	0.1212	0.1768	0.0124	0.9348	0.001	0.526	0.9999	0.1588	0.4037	0.9982	0.7755	1	0.9588	0.3972	0.4117	0.2711	0.0944	0.8088	0.5418	0.3277	0.7789	0.7076
diabetes mellitus, type 1	0.8651	0.6393	0.6426	0.9741	0.9881	0.6185	0.6307	0.9475	0.6868	0.0014	0.1859	0.7749	0.608	0.0043	0.9337	0.9521	0.3319	0.5975	0.8306	0.592	0.8909	0.918	0.6505	0.8618	0.4335	0.587	0.3444	0.2063	0.0251	0.7992	0.938	0.9993	0.9875	0.0133	0.0547	0.5702	0.2114	0.6339	0.7216	0.0587	0.7284	0.3411	0.9295	0.1675	0.6136	0.9652	0.0014	0.0014	0.6217	0.924	1e-04	0.9341	0.5446	0.0014	0.4826	0.5653	0.4203	0.7527	0.6101	0.9982	0.5259	0.8156	0.3633	0.5708	0.4197	0.6253	0.5802	1e-04	0.4257	0.9411	0.4604	0.5349	0.5957
diabetes mellitus, type 2	0.5394	0.4629	0.4379	0.986	0.9986	0.4128	0.0619	0.1008	0.571	0.1108	0.9305	0.97	0.3043	0.2215	0.0456	0.64	0.5669	0.9586	0.3653	0.0011	7e-04	0.6177	0.0123	0.9479	0.9796	0.9012	0.1701	1e-04	0.6286	0.9215	0.0691	0.9328	0.9774	0.7889	0.0887	0.8668	0.8312	0.0201	0.8486	0.6645	0.647	0.7689	0.4497	0.0273	0.2924	0.8826	0.8332	0.8486	0.6158	0.8802	0.9931	0.9357	0.3322	0.0069	0.0097	0.0123	0.3962	0.9103	0.1134	0.9888	0.9989	0.9944	0.9944	0.2903	0.636	0.0015	0.4967	0.9997	0.3237	0.0911	0.2288	0.2529	0.7687
diabetes, gestational	0.971	0.2475	0.2887	0.143	0.9188	0.3812	0.553	0.5893	0.945	0.1529	0.9664	0.5901	0.4312	0.2234	0.272	0.2007	0.5833	0.6235	0.2958	0.9434	0.0895	0.7849	0.3173	0.9763	0.7139	0.6871	0.8062	0.0033	0.2738	0.6897	0.4216	0.0923	0.7393	0.111	0.2721	0.3269	0.9917	0.5249	0.9975	0.8817	0.6017	0.5494	0.37	0.1067	0.2716	0.6378	0.174	0.1023	0.5509	0.9041	0.4664	0.3983	0.2949	0.3032	0.4958	0.007	0.4139	0.9687	0.1869	0.4962	0.5432	0.4642	0.6546	0.7286	0.1448	0.574	0.1045	0.454	0.8924	0.5623	0.3028	0.5567	0.6608
diabetic nephropathies	0.6045	0.8343	0.8814	0.9947	0.9703	0.6275	0.3272	0.5655	0.8773	0.0307	0.1455	0.9951	0.3278	0.0205	0.3624	0.9098	0.7345	0.4735	0.5919	0.1498	0.9085	0.8956	0.6753	0.5541	0.7605	0.4156	0.3373	0.0219	0.014	0.7157	0.3545	0.799	0.9976	0.0221	0.0112	0.8003	0.9163	0.2304	0.5122	0.336	0.3001	0.9284	0.314	0.7095	0.0834	0.3873	0.1636	0.0141	0.5798	0.5319	0.0928	0.9881	0.7655	0.0011	0.0084	0.6943	0.3402	0.4494	0.1068	0.9886	0.5613	0.4481	0.8326	0.8148	0.909	0.5301	0.7146	0.3586	0.128	0.5499	0.2145	0.3272	0.9436
endometriosis	0.7572	0.4331	0.9829	0.9897	0.9338	0.5108	0.5382	0.7482	0.7732	0.1973	0.0584	0.9982	0.6037	0.599	0.1931	0.7645	0.5805	0.709	0.7637	0.1367	0.5631	0.4402	0.0352	0.5943	0.1739	0.6627	0.0084	0.2871	0.175	0.3334	0.1383	0.2769	0.9989	0.6251	0.4644	0.8976	0.9252	0.6953	0.0464	0.2333	0.1059	0.1719	0.7396	0.9084	0.3825	0.076	0.4581	0.2095	0.5199	0.2812	0.8399	0.9999	0.9916	0.6198	0.1115	0.2023	0.914	0.0049	0.9604	0.9778	0.9719	0.4876	0.3882	0.7797	0.4076	0.3503	0.0021	0.3667	7e-04	0.3166	0.686	0.0722	0.1213
epilepsy	0.3955	0.3112	0.7394	0.9579	0.9292	0.9211	0.2016	0.2937	0.2625	0.3532	0.5342	0.6449	0.9362	0.3058	0.4006	0.4089	0.3231	0.4499	0.7355	0.1372	0.6585	0.4939	0.0768	0.8754	0.8825	0.8622	0.273	0.1196	0.5016	0.8976	0.1483	0.7102	0.5069	0.8474	0.2263	0.9432	0.9816	0.0035	0.6433	0.745	0.3397	0.0436	0.6541	0.268	0.296	0.1831	0.3494	0.9886	0.1693	0.3676	0.9521	0.1381	0.0141	0.3307	0.0193	0.3362	0.8126	0.7289	0.0628	0.4568	0.3743	0.8432	0.7047	0.8439	0.3742	0.0078	0.5907	0.7973	0.3262	0.0691	0.9397	0.5416	0.8851
glaucoma, open-angle	0.4101	0.7375	0.6521	0.8923	0.9347	0.582	0.0853	0.3681	0.2608	0.2125	0.2045	0.1073	0.9443	0.9169	0.4666	0.5269	0.469	0.6891	0.3266	0.0134	0.6635	0.1716	0.1049	0.1763	0.5589	0.6765	0.4681	0.7045	0.8448	0.6015	0.1858	0.9557	0.2657	0.8976	0.3854	0.8456	0.8332	0.6486	0.106	0.995	0.5713	0.3587	0.9437	0.6635	0.8086	0.665	0.9498	0.748	0.0283	0.081	0.8441	1	0.8091	0.9209	0.0407	0.9014	0.9422	0.0728	0.9255	0.0025	0.2112	0.2953	0.2778	0.2143	0.3744	0.0775	0.0375	0.844	0.0467	0.2987	0.5304	0.3643	0.1376
glomerulonephritis, iga	0.7935	0.317	0.7566	1	0.7734	0.081	0.7979	0.4128	0.275	0.0209	0.6812	0.9512	0.4629	0.0293	0.6501	0.3127	0.618	0.0661	0.0239	0.9433	0.4885	0.6503	0.5677	0.8924	0.2082	0.0996	0.4566	0.9347	0.076	0.7884	0.6769	0.7147	0.2963	0.218	0.0132	0.7876	0.7885	0.964	0.0422	0.1536	0.6497	0.6784	0.875	0.7029	0.4026	0.4114	0.4466	0.0843	0.3854	0.2865	0.0441	0.9942	0.959	0.001	0.7679	0.995	0.9756	0.7623	0.0309	0.9731	0.9445	0.1975	0.9798	0.0126	0.5767	0.7392	0.78	0.0856	0.1982	0.7677	0.1076	0.4502	0.7829
graft vs host disease	0.4716	0.3274	0.6177	1	0.781	0.1794	0.7889	0.6205	0.8425	1e-04	0.6914	1	0.3278	1e-04	0.3679	0.3894	0.8978	0.4206	0.5412	0.9989	0.9659	0.8766	0.7198	0.9345	0.807	0.1388	0.6921	0.6598	1e-04	0.5488	0.4904	0.9947	1	1e-04	1e-04	0.7462	0.0267	0.725	0.9124	0.2339	0.3991	0.9663	0.8386	0.8542	0.584	0.5683	1e-04	1e-04	0.916	0.851	1e-04	1	0.9263	1e-04	0.8644	0.9814	0.8179	0.9769	0.0276	0.9989	0.9782	0.9697	0.9851	0.3487	0.8835	0.8528	0.9569	1e-04	0.6154	0.7631	0.057	0.1903	0.9915
graves disease	0.1815	0.2325	0.3224	0.9454	0.6809	0.2571	0.7199	0.4957	0.942	0.0014	0.756	0.9608	0.6251	0.0041	0.1166	0.3118	0.8798	0.2328	0.2275	0.8772	0.9544	0.9443	0.1724	0.9773	0.995	0.3303	0.6932	0.7364	1e-04	0.5084	0.4114	0.8497	0.9989	1e-04	0.0055	0.6527	0.0097	0.9766	0.7531	0.201	0.2199	0.5893	0.9929	0.9928	0.6355	0.9724	0.0039	1e-04	0.9262	0.9757	0.0016	0.9991	0.8269	1e-04	0.2154	0.966	0.9093	0.9861	0.0379	0.995	0.9977	0.8191	0.868	0.3388	0.9901	0.4204	0.9565	1e-04	0.3439	0.7161	0.1759	0.0469	0.9701
heart diseases	0.2114	0.2509	0.2974	0.9907	0.325	0.3799	0.7645	0.052	0.1176	0.269	0.6584	0.9623	0.3097	0.1752	0.0052	0.5708	0.8252	0.1039	0.3503	0.2156	0.6215	0.8828	0.3833	0.8106	0.5647	0.6367	0.258	0.0044	0.1481	0.6908	0.321	0.7621	0.9484	0.4171	0.2822	0.3574	0.9985	0.0938	0.7197	0.0614	0.5363	0.8193	0.4237	0.3225	0.3132	0.6812	0.4884	0.5645	0.6234	0.6822	0.7243	0.9871	0.815	0.4088	0.008	0.6782	0.5539	0.7594	0.5984	0.5784	0.5459	0.5495	0.4192	0.3104	0.8487	0.2144	0.9097	0.7465	0.4326	0.4698	0.1514	0.1859	0.9982
hepatitis b	0.5563	0.9492	0.4728	0.9985	0.9999	0.8	0.7156	0.3826	0.8306	3e-04	0.7179	0.9918	0.7112	3e-04	0.6903	0.8867	0.7255	0.1551	0.9831	0.8733	0.6128	0.8705	0.3093	0.986	0.2867	0.215	0.5935	0.4606	1e-04	0.9307	0.512	0.9999	0.9997	1e-04	0.0062	0.8613	0.4806	0.4281	0.2993	0.1687	0.7031	0.3107	0.8082	0.7991	0.6838	0.5181	3e-04	1e-04	0.4994	0.9396	0.0021	0.9409	0.4042	4e-04	0.3943	0.4679	0.9514	0.4036	0.2571	0.9867	0.9995	0.8015	0.6865	0.8876	0.9126	0.7144	0.1749	4e-04	0.5898	0.8494	0.5423	0.6168	0.6812
hepatitis b, chronic	0.1268	0.7371	0.6449	0.9945	0.9977	0.212	0.8867	0.5543	0.979	9e-04	0.4986	0.9985	0.0075	0.0057	0.6594	0.9426	0.4842	9e-04	0.2498	0.97	0.7861	0.8913	0.3316	0.9918	0.8968	0.001	0.3478	0.9466	0.0252	0.1329	0.5736	0.9996	1	0.0396	0.0132	0.5946	0.361	0.8778	0.5579	0.0073	0.5383	0.5741	0.8272	0.9797	0.4602	0.4997	0.0074	3e-04	0.7531	0.9179	0.0268	0.8796	0.6925	0.0179	0.8896	0.8891	0.8657	0.7745	0.5972	0.9988	0.7291	0.9433	0.9112	0.4727	0.8821	0.7523	0.5812	0.0152	0.3284	0.7175	0.0978	0.0387	0.3807
hepatitis c	0.8444	0.9202	0.9946	0.9999	0.9958	0.9788	0.4767	0.6885	0.7494	1e-04	0.4141	0.9943	0.8672	1e-04	0.0708	0.4202	0.6966	0.6225	0.9975	0.9005	0.5328	0.7633	0.1619	0.9888	0.6488	0.8306	0.19	0.273	1e-04	0.9586	0.141	0.9995	1	1e-04	3e-04	0.991	0.2243	0.417	0.3562	0.8245	0.2757	0.3579	0.8064	0.6976	0.3872	0.7512	1e-04	1e-04	0.499	0.9779	1e-04	0.9985	0.5706	1e-04	0.1714	0.3038	0.9995	0.9415	0.0098	0.9999	0.9962	0.9901	0.9997	0.999	0.8897	0.2267	0.523	1e-04	0.0712	0.75	0.9369	0.7267	0.9737
hepatitis c, chronic	0.811	0.8181	0.8086	1	0.9959	0.7086	0.6818	0.7489	0.5407	1e-04	0.5552	0.9865	0.707	1e-04	0.2247	0.5115	0.9283	0.8806	0.9659	0.7848	0.7527	0.6143	0.3039	0.9023	0.3048	0.7909	0.143	0.3027	0.0688	0.94	0.5795	0.9493	0.9891	0.0023	1e-04	0.9405	0.7111	0.5579	0.2083	0.0095	0.7263	0.8711	0.7726	0.7953	0.5312	0.8714	0.0101	1e-04	0.6457	0.9124	0.0032	0.7596	0.5675	4e-04	0.2455	0.5529	0.9658	0.9833	0.0272	0.9946	0.9774	0.9244	0.9993	0.9876	0.6856	0.305	0.9603	6e-04	0.3312	0.695	0.449	0.8099	0.6281
hiv infections	0.0451	0.7581	0.8002	0.9969	0.8633	0.4037	0.8989	0.5453	0.4211	7e-04	0.4045	0.9488	0.1893	0.0012	0.3961	0.3132	0.8003	0.3094	0.0449	0.9091	0.7896	0.8934	0.3313	0.9503	0.7508	0.4143	0.4296	0.7952	1e-04	0.4321	0.434	0.8384	0.9899	0.0187	1e-04	0.6582	0.1652	0.8182	0.8667	0.0342	0.0962	0.9281	0.7876	0.3149	0.3592	0.2501	0.0872	0.0079	0.4409	0.4191	0.1882	0.7297	0.8845	0.0013	0.8187	0.961	0.8105	0.9535	0.0046	0.9802	0.8546	0.9999	1	0.1373	0.7992	0.7624	0.8807	0.4186	0.5351	0.8019	0.2618	0.3889	0.8991
hypercholesterolemia	0.4673	0.3694	0.7435	0.1142	0.924	0.7167	0.376	0.1874	0.3212	0.0655	0.9696	0.7353	0.7711	0.3146	0.0071	0.0981	0.5372	0.7344	0.4155	0.7744	0.1444	0.8955	0.1387	0.931	0.9878	0.9184	0.391	1e-04	0.4587	0.9488	0.1682	0.1089	0.3751	0.0789	0.1538	0.9499	0.9999	0.4287	0.9751	0.9748	0.1089	0.4683	0.7764	0.3532	0.0954	0.0176	0.3704	0.7814	0.3602	0.3965	0.894	0.6466	0.215	0.1706	0.284	0.3546	0.7958	0.673	5e-04	0.2484	1	0.6851	0.9381	0.8816	0.265	0.0862	0.129	0.8968	0.0508	0.5385	0.5314	0.7435	0.9992
hypertension	0.4413	0.529	0.9192	0.9887	0.9573	0.982	0.2664	0.083	0.2641	0.0608	0.336	0.827	0.9528	0.3565	0.4149	0.3017	0.5703	0.9005	0.5719	0.0096	0.0806	0.3223	0.3758	0.4632	0.5278	0.6471	0.0668	0.0037	0.2333	0.9852	0.4379	0.0609	0.0694	0.396	0.3337	0.9497	0.7723	0.6759	0.3044	0.005	0.6436	0.3748	0.9634	3e-04	0.5987	0.1056	0.9857	0.789	0.7145	0.7321	0.9661	0.9488	0.3419	0.0509	0.0274	0.2825	0.7064	0.1235	0.1983	0.9266	0.5741	0.9331	0.92	0.7095	0.1648	0.3421	0.5381	0.9887	0.117	0.6249	0.6093	0.8538	0.4502
hypertrophy, left ventricular	0.2909	0.5279	0.3851	0.3322	0.9396	0.7297	0.0887	0.0773	0.4422	0.8087	0.1227	0.664	0.5905	0.2644	0.4005	0.7643	0.7072	0.7376	0.2429	0.0613	0.0341	0.5387	0.4084	0.4423	0.2971	0.2008	0.2229	0.0957	0.9491	0.8901	0.4886	0.3013	0.0761	0.9222	0.7011	0.6806	0.9772	0.2294	0.2372	0.2545	0.8841	0.4765	0.9302	0.2575	0.7444	0.6605	0.7258	0.9978	0.4192	0.0526	0.9711	0.9144	0.7211	0.7832	0.3912	0.2133	0.3377	0.2486	0.8514	0.8153	0.3979	0.3687	0.9084	0.4365	0.3883	0.0948	0.3504	0.8083	0.0338	0.5948	0.3978	0.5215	0.5405
infertility, male	0.9306	0.9137	0.2098	0.9938	0.5292	0.2754	0.6198	0.4733	0.9727	8e-04	0.4002	0.6434	0.7054	0.7087	0.1372	0.2196	0.4575	0.1631	0.5001	0.2862	0.9037	0.4991	0.2177	0.532	0.8984	0.508	0.5002	0.9437	0.6226	0.272	0.0556	0.994	0.858	0.1449	0.0126	0.7029	0.4947	0.1537	0.2649	0.4455	0.4847	0.6964	0.6212	0.8305	0.3315	0.5711	0.795	0.2563	0.1697	0.4836	0.4908	0.7096	0.8911	0.272	0.6401	0.8099	0.8131	0.2459	0.0734	0.1501	0.9561	0.6822	0.0768	0.9057	0.6233	0.1225	0.5156	0.0105	0.2274	0.3652	0.7626	0.6532	0.1594
inflammatory bowel diseases	0.0999	0.9816	0.6423	0.989	0.6321	0.7249	0.49	0.3294	0.882	1e-04	0.3333	0.9029	0.7133	0.0013	0.658	0.3422	0.9324	0.3229	0.6071	0.5986	0.5909	0.8149	0.2998	0.9694	0.2286	0.1742	0.6312	0.6682	0.0074	0.3043	0.7341	0.9251	0.9992	0.0507	1e-04	0.6437	0.308	0.8844	0.9166	7e-04	0.7156	0.9344	0.8457	0.4931	0.4286	0.8692	0.0614	1e-04	0.9844	0.3787	8e-04	0.9677	0.9022	1e-04	0.5441	0.8391	0.9727	0.9889	0.637	0.9999	0.246	0.4909	0.9844	0.1441	0.9541	0.6996	0.9548	0.026	0.6716	0.7309	0.0575	0.0731	0.8465
intracranial aneurysm	0.8122	0.4514	0.0196	0.7953	0.3545	0.9098	0.0296	0.0172	0.0472	0.4362	0.1358	0.7594	0.8683	0.9459	0.0256	0.2842	0.2724	0.9715	0.9302	0.06	0.0687	0.146	0.0063	0.2937	0.0091	0.9593	0.0854	0.0041	1	0.9589	0.3665	0.2778	0.8634	0.9998	0.6384	0.8306	0.994	0.5084	0.1125	0.6592	0.0898	0.1161	0.2535	0.0461	0.1889	0.3061	1	0.9762	0.0205	0.3535	0.9999	0.9999	0.8787	0.9842	0.0093	0.1044	0.0611	0.0374	1	0.8922	0.2576	0.5211	0.0399	0.8418	0.2487	0.035	0.0209	1	0.3868	0.1663	0.522	0.8783	0.06
ischemic stroke	0.6131	0.4046	0.4018	0.9632	0.5736	0.724	0.4941	0.3714	0.3451	0.0621	0.9365	0.6366	0.5945	0.1362	0.2391	0.3517	0.4503	0.5839	0.5677	0.6308	0.559	0.9651	0.1504	0.854	0.2627	0.7366	0.6191	0.0045	0.3441	0.9289	0.4606	0.0412	0.2471	0.313	0.0203	0.8181	0.828	0.6183	0.5035	0.0099	0.5724	0.7702	0.7899	0.0398	0.2725	0.2946	0.9571	0.2708	0.6313	0.3388	0.3636	0.2744	0.7016	0.0418	0.6458	0.811	0.3749	0.8324	0.1772	0.6493	0.8974	0.3321	0.9901	0.5176	0.4423	0.6392	0.6779	0.1727	0.7436	0.458	0.4449	0.5423	0.5321
kidney diseases	0.9118	0.6093	0.6549	0.8178	0.868	0.6497	0.4433	0.3367	0.035	0.2752	0.8281	0.7628	0.4418	0.4377	0.0665	0.2684	0.8143	0.6854	0.7736	0.4665	0.0987	0.5659	0.0625	0.8561	0.5105	0.4338	0.4289	0.0052	0.8344	0.8882	0.5489	0.0088	0.0232	0.2795	0.466	0.818	0.958	0.5377	0.1101	0.5668	0.0976	0.7921	0.7832	0.132	0.1822	0.3385	0.7426	0.6553	0.1735	0.847	0.6101	0.8512	0.8322	0.0496	0.3304	0.348	0.9012	0.7437	0.1515	0.7843	0.8816	0.8312	0.9758	0.6758	0.5033	0.7881	0.0267	0.8383	0.2878	0.8682	0.291	0.3987	0.3771
kidney failure, chronic	0.9005	0.7343	0.5324	0.9687	0.9577	0.7533	0.3132	0.6901	0.1259	0.011	0.5612	0.9814	0.6113	0.1383	0.0377	0.5089	0.8054	0.8172	0.953	0.0673	0.6465	0.8262	0.187	0.8606	0.4112	0.7416	0.5005	0.027	0.1914	0.9755	0.1636	0.3958	0.7085	0.0606	0.0565	0.9861	0.7613	0.3008	0.0489	0.0521	0.2164	0.3628	0.5662	0.757	0.1674	0.5491	0.4929	0.0715	0.2515	0.4511	0.1437	0.8637	0.8022	0.003	0.0755	0.6884	0.544	0.4956	0.0033	0.8296	0.9691	0.4021	0.9979	0.9979	0.7173	0.2201	0.9654	0.2519	0.1202	0.4453	0.5861	0.8755	0.9175
lupus erythematosus, discoid	0.8219	0.7299	0.7846	0.9997	0.7265	0.7156	0.4711	0.6536	0.7431	1e-04	0.8194	0.9943	0.8947	1e-04	0.1154	0.3298	0.8815	0.9374	0.9385	0.9615	0.5646	0.8565	0.2354	0.9162	0.441	0.7576	0.4202	0.8368	0.0027	0.8393	0.305	0.979	0.9997	0.0035	1e-04	0.4364	0.1333	0.9203	0.6437	0.7507	0.1185	0.5045	0.4278	0.7863	0.2554	0.9139	2e-04	1e-04	0.8925	0.8838	1e-04	0.9575	0.7598	1e-04	0.8368	0.8711	0.99	0.9357	0.1627	0.9936	0.9915	0.9426	0.9893	0.8853	0.9089	0.5162	0.7488	0.0011	0.4068	0.5393	0.5236	0.4268	0.8393
lupus erythematosus, systemic	0.8456	0.8258	0.2043	1	0.9797	0.1369	0.9149	0.7088	0.9592	1e-04	0.6815	0.9999	0.2448	1e-04	0.0437	0.4017	0.8737	0.5744	0.9778	0.9932	0.9935	0.9933	0.0679	0.9954	0.7936	0.4469	0.5382	0.8853	1e-04	0.5606	0.3029	0.9937	1	1e-04	1e-04	0.6712	0.01	0.2436	0.982	0.0527	0.1859	0.9297	0.6934	0.9889	0.1499	0.9701	1e-04	1e-04	0.8351	0.9715	1e-04	1	0.9963	1e-04	0.7307	0.998	0.7464	0.9999	0.0484	1	0.9983	0.9999	1	0.8382	0.9617	0.7502	0.9962	1e-04	0.7703	0.7841	0.0664	0.2695	0.996
lupus vulgaris	0.8246	0.7307	0.7835	0.9998	0.7277	0.7173	0.4759	0.6546	0.7437	1e-04	0.8215	0.9951	0.9012	1e-04	0.1138	0.3355	0.887	0.942	0.9437	0.9676	0.5653	0.8602	0.2373	0.9226	0.4454	0.7585	0.4243	0.8402	0.0025	0.8426	0.3094	0.9813	0.9998	0.0039	1e-04	0.4407	0.1322	0.9267	0.6432	0.7513	0.1171	0.5059	0.4326	0.7854	0.2592	0.9208	4e-04	1e-04	0.8993	0.8891	1e-04	0.9625	0.7602	1e-04	0.8401	0.8748	0.9911	0.9408	0.1629	0.9946	0.9922	0.9473	0.9905	0.8902	0.9153	0.5174	0.7487	7e-04	0.4128	0.5392	0.5235	0.4307	0.8426
macular degeneration	0.6662	0.7161	0.9171	0.9947	0.9455	0.815	0.0494	0.0973	0.0287	0.7791	0.0124	0.9837	0.6641	0.9791	0.0293	0.3162	0.565	0.802	0.7674	0.002	0.1058	0.078	0.0124	0.3778	0.0816	0.8434	0.0428	0.0042	0.8327	0.9522	0.0942	0.8584	0.1344	0.9979	0.6879	0.9395	1	0.3633	0.0065	0.9053	0.0353	0.5105	0.9144	0.016	0.1558	0.2223	0.9823	0.9671	0.2065	0.5967	0.9978	1	0.9671	0.8289	0.067	0.4444	0.5367	0.0091	0.9297	0.4553	0.3253	0.629	0.5519	0.8313	0.0781	0.1003	0.1176	0.9993	8e-04	0.3236	0.5941	0.3685	0.4172
malaria	0.8633	0.1035	0.2153	1	0.9299	0.0103	0.7983	0.7596	0.8443	2e-04	0.8591	1	0.0624	0.004	0.281	0.3586	0.9709	0.1056	0.1406	0.996	0.631	0.9705	0.2497	0.9661	0.8186	0.0234	0.8953	0.3297	1e-04	0.2176	0.1863	0.9978	1	1e-04	0.0046	0.6182	0.661	0.8578	0.9871	0.0361	0.5302	0.7541	0.6757	0.3926	0.2407	0.9151	0.023	1e-04	0.562	0.9776	0.0019	0.9987	0.4633	1e-04	0.5277	0.7561	0.7781	0.9998	0.0163	0.9886	0.9978	1	1	0.3232	0.9683	0.3528	0.987	0.0868	0.7178	0.156	0.0401	0.0796	0.9404
malaria, falciparum	0.7611	0.0569	0.5009	0.9999	0.7489	0.0605	0.4474	0.6358	0.6511	0.0022	0.6855	0.9999	0.3798	0.0114	0.0655	0.1496	0.9654	0.2383	0.3276	0.5824	0.8366	0.9052	0.11	0.9869	0.911	0.2006	0.6997	0.207	0.0075	0.7798	0.1307	0.9266	0.992	7e-04	0.0171	0.9018	0.5613	0.7126	0.9234	0.6095	0.2568	0.5278	0.9131	0.6812	0.2583	0.1413	0.1346	1e-04	0.4155	0.9798	0.0292	1	0.765	1e-04	0.3978	0.889	0.5915	0.9901	0.0021	0.8582	0.9988	0.997	0.9945	0.3742	0.874	0.2557	0.9653	0.0431	0.5692	0.1989	0.0959	0.0593	0.9783
meningococcal infections	0.2223	0.1499	0.4084	0.9989	0.5538	0.018	0.929	0.7254	0.4655	0.0145	0.8491	0.9545	0.0381	0.1247	0.1217	0.1447	0.8759	0.3842	0.0173	0.5303	0.5708	0.7358	0.2235	0.9394	0.8109	0.027	0.7402	0.6722	0.0784	0.0823	0.2548	0.7964	0.9753	0.0718	0.0915	0.5178	0.3104	0.5099	0.9456	0.0824	0.8647	0.8953	0.9306	0.7402	0.4273	0.8244	0.2225	0.01	0.4571	0.7302	0.1472	0.9117	0.47	3e-04	0.8324	0.8712	0.9519	0.9753	0.1545	0.9407	0.1224	0.9793	0.9513	0.0733	0.7903	0.6857	0.7001	0.6365	0.6662	0.756	0.0396	0.0099	0.8798
mental disorders	0.5827	0.984	0.2569	0.0173	0.8268	0.9509	0.2536	0.158	0.1306	0.8592	0.1924	0.2717	0.9162	0.8202	0.3378	0.433	0.5874	0.9858	0.8068	0.3916	0.0785	0.0886	0.2814	0.2206	0.5001	0.9869	0.1462	0.5661	0.7727	0.9119	0.5497	0.6832	0.1479	0.2535	0.7306	0.9783	0.087	0.4953	0.3992	0.577	0.397	0.223	0.7435	0.3208	0.7875	0.2206	0.9517	0.517	0.283	0.1993	0.6369	0.0031	0.001	0.1013	0.2793	0.6779	0.8025	0.1172	0.658	0.4887	0.7201	0.7179	0.1662	0.9474	0.519	0.0813	0.2307	0.9232	0.1947	0.4577	0.9973	0.9646	0.2719
metabolic syndrome x	0.4298	0.9253	0.4334	0.7682	0.5435	0.8731	0.312	0.0978	0.1159	0.0512	0.8463	0.7592	0.8191	0.1653	0.0144	0.2768	0.57	0.9167	0.7082	7e-04	0.1411	0.5957	0.1083	0.8155	0.8436	0.9176	0.0666	1e-04	0.4359	0.9652	0.3475	0.8951	0.4051	0.1115	0.1619	0.9823	0.9914	0.3771	0.9513	0.1847	0.345	0.7639	0.7817	0.0879	0.1159	0.5565	0.7092	0.2117	0.5684	0.7326	0.5997	0.9885	0.9582	0.0904	0.0396	0.1198	0.4426	0.4213	0.1891	0.9074	0.894	0.5376	0.9776	0.9273	0.6454	0.1828	0.2755	0.9718	0.3308	0.7154	0.6205	0.8258	0.8951
migraine disorders	0.6004	0.8222	0.6726	0.0338	0.9989	0.9062	0.3241	0.0942	0.0168	0.1391	0.0322	0.7183	0.9807	0.6567	0.3424	0.8205	0.3616	0.9376	0.9854	0.0438	0.8776	0.1104	0.0614	0.3904	0.4028	0.9901	0.0284	0.1766	0.6415	0.98	0.3121	0.9993	0.0533	0.2097	0.4357	0.8502	0.962	0.1272	0.221	0.6794	0.1087	0.1162	0.708	0.4162	0.4386	0.2673	0.9493	0.8116	0.3815	0.1869	0.9569	3e-04	5e-04	0.2942	0.0211	0.8515	0.8603	0.0037	0.203	0.7164	0.9846	0.1636	0.3599	0.9587	0.7501	0.158	0.8999	0.9938	0.0202	0.1605	0.9933	0.91	0.6288
mood disorders	0.1572	0.9518	0.4112	0.499	0.8173	0.1968	0.4264	0.1889	0.1508	0.8858	0.4979	0.7942	0.0591	0.2593	0.4604	0.4489	0.882	0.5741	0.4184	0.6973	0.2404	0.6868	0.4406	0.6639	0.9163	0.2159	0.2858	0.4078	0.3014	0.1515	0.3753	0.9717	0.5063	0.4283	0.429	0.2801	0.2792	0.1113	0.1604	0.309	0.7856	0.6809	0.9533	0.8123	0.6123	0.172	0.3191	0.4045	0.8553	0.9572	0.7548	5e-04	0.017	0.6262	0.167	0.4296	0.4145	0.8677	0.4745	0.6594	0.2593	0.9625	0.5673	0.6443	0.9891	0.1757	0.9414	0.9496	0.1989	0.5569	0.2854	0.6714	0.4392
mucocutaneous lymph node syndrome	0.6536	0.6119	0.3112	1	0.8476	0.0818	0.6096	0.4377	0.5018	0.0121	0.4496	0.9999	0.1475	0.0122	0.0633	0.2551	0.6807	0.3088	0.4111	0.9897	0.446	0.9244	0.0251	0.9772	0.3504	0.1112	0.36	0.6982	0.0049	0.3076	0.2499	0.9975	1	0.0016	0.0162	0.4321	0.9027	0.9463	0.7131	0.6331	0.193	0.6862	0.5196	0.5143	0.0829	0.8019	0.0065	0.0011	0.7776	0.9331	0.0056	0.9928	0.3959	4e-04	0.9028	0.8161	0.5828	0.916	0.1807	0.9947	0.6289	0.9982	0.9896	0.2001	0.7938	0.6465	0.9961	0.1861	0.6116	0.3431	0.2097	0.1711	0.7495
multiple sclerosis	0.9956	0.9984	0.9922	0.9966	1	0.9493	0.8551	0.9947	0.9856	1e-04	0.8698	0.82	0.8699	1e-04	0.718	0.9442	0.9117	0.813	0.9926	0.9963	0.9843	0.8142	0.4234	0.9922	0.5009	0.736	0.1204	0.9086	1e-04	0.9751	0.8017	1	0.9998	1e-04	1e-04	0.9742	1e-04	0.6368	0.8967	0.0677	0.6305	0.9678	0.9884	0.9751	0.8486	0.8385	1e-04	1e-04	0.9346	0.9167	1e-04	0.896	0.2532	1e-04	0.649	0.9901	0.9997	0.9854	0.0035	0.9999	1	0.9781	1	0.9974	0.9932	0.8491	0.992	1e-04	0.2046	0.8918	0.3482	0.862	0.8626
myocardial infarction	0.8794	0.6424	0.5178	0.9997	0.6906	0.5834	0.1988	0.124	5e-04	0.0031	0.9429	0.9999	0.4298	3e-04	0.0067	0.0224	0.7243	0.7439	0.8972	0.4886	0.2082	0.8944	0.0545	0.9857	0.3082	0.7106	0.2957	1e-04	0.1787	0.9281	0.3995	0.5312	0.9859	0.3835	0.0025	0.8794	0.9953	0.6003	0.6959	0.3812	0.0622	0.7928	0.6464	0.0268	0.3867	0.2339	0.5579	0.3105	0.5883	0.3086	0.6292	0.9999	0.9994	4e-04	0.4406	0.3917	0.6896	0.3448	3e-04	0.8788	0.9978	0.9228	0.9954	0.8633	0.169	0.3164	0.6713	0.8486	0.2927	0.6738	0.3893	0.5465	0.6136
myocardial ischemia	0.7041	0.9549	0.7041	0.8701	0.7184	0.6895	0.4032	0.2208	0.0688	0.0114	0.8806	0.9096	0.4199	0.0532	0.0178	0.3551	0.5908	0.7981	0.9612	0.4838	0.6484	0.8773	0.1158	0.9659	0.1187	0.72	0.1704	1e-04	0.7666	0.958	0.6629	0.16	0.0496	0.4401	0.0284	0.9047	0.9725	0.4943	0.7901	0.1453	0.0759	0.8464	0.5863	0.2326	0.2402	0.533	0.7962	0.3462	0.5598	0.4286	0.5286	0.7276	0.9721	0.0846	0.2504	0.5794	0.6632	0.9469	0.0142	0.7706	0.5483	0.6705	0.9505	0.8563	0.5464	0.5254	0.91	0.4168	0.2738	0.7158	0.0412	0.5058	0.5866
obesity	0.6747	0.8239	0.4909	0.8948	0.9989	0.7949	0.4028	0.2306	0.7432	0.0567	0.3988	0.7552	0.8938	0.0244	0.1379	0.7618	0.4093	0.9145	0.4616	0.049	0.0078	0.316	0.1294	0.5561	0.9767	0.968	0.5305	1e-04	0.4831	0.9713	0.1075	0.9406	0.4285	0.3595	0.0187	0.9348	0.9535	0.1763	0.6668	0.5019	0.8771	0.2822	0.9471	0.0754	0.513	0.8236	0.768	0.2548	0.269	0.7931	0.8746	0.6771	0.2987	0.1215	0.0625	0.0283	0.5709	0.7297	0.1794	0.5476	0.9826	0.9621	0.7417	0.7117	0.317	0.0882	0.0913	0.8625	0.3171	0.1883	0.5981	0.6482	0.8167
obesity, morbid	0.5332	0.2248	0.4642	0.2129	0.984	0.6721	0.4355	0.8681	0.9468	0.0199	0.9405	0.6851	0.692	0.0901	0.3862	0.8334	0.3794	0.812	0.4261	0.0088	0.5612	0.8519	0.2757	0.4299	0.9849	0.8985	0.1044	0.2503	0.5675	0.7091	0.689	0.9996	0.7645	0.0118	0.0542	0.6946	0.5398	0.5747	0.7589	0.0962	0.7019	0.7377	0.5087	0.1489	0.4911	0.0945	0.5432	0.269	0.7474	0.6199	0.4538	0.0722	0.1154	0.0871	0.1806	0.3664	0.0924	0.5838	0.0072	0.7887	0.4509	0.4989	0.5506	0.5582	0.7784	0.6942	0.3929	0.7589	0.2816	0.6063	0.7234	0.8161	0.9676
osteoarthritis	0.7212	0.7646	0.716	0.4509	0.9129	0.9967	0.109	0.4309	0.4663	0.9217	1e-04	0.5163	0.951	0.9434	0.5735	0.9651	0.0394	0.9177	0.9863	0.0042	0.0011	0.026	0.558	0.0436	0.1843	0.9614	0.0088	0.287	0.9235	0.9758	0.8441	0.9874	0.783	0.9709	0.9588	0.9864	0.9077	0.8759	1e-04	0.2004	0.2013	0.183	0.9476	0.013	0.503	0.9312	0.9275	0.8068	0.3751	0.0684	0.9981	0.8385	0.0782	0.7408	0.1136	0.0119	0.6858	0.0031	0.9968	0.7624	0.0234	0.3255	0.0911	0.9915	0.0309	0.0504	1e-04	0.9999	1e-04	0.374	0.9928	0.9924	0.0124
osteoarthritis, knee	0.4231	0.899	0.738	0.6012	0.5929	0.8727	0.6705	0.3045	0.3971	0.7047	0.0503	0.7505	0.7342	0.5932	0.6498	0.8384	0.2855	0.4806	0.7128	0.1075	0.4953	0.373	0.6167	0.1294	0.0057	0.4083	0.0754	0.6261	0.4667	0.7953	0.7762	0.7893	0.9997	0.9553	0.4238	0.7857	0.8312	0.9433	1e-04	0.0203	0.4809	0.2808	0.9749	0.0274	0.6413	0.2411	0.9941	0.206	0.6254	0.311	0.9646	0.8156	0.561	0.7862	0.2949	0.8727	0.8934	0.0026	0.9947	0.6286	0.0065	0.3677	0.1021	0.8133	0.2834	0.2462	0.0498	1	0.0266	0.7647	0.5308	0.6387	0.0291
osteoporosis	0.1548	0.527	0.6019	0.1153	0.7077	0.9664	0.3095	0.034	0.2137	0.6285	0.6965	0.342	0.8251	0.6919	0.192	0.2239	0.391	0.3619	0.8215	0.0121	0.0715	0.4098	0.0932	0.294	0.3362	0.4359	0.102	0.4391	0.6361	0.7176	0.5098	0.387	0.2406	0.4196	0.7871	0.8762	0.7051	0.1651	0.3637	0.4343	0.6396	0.3648	0.6451	0.1367	0.8238	0.5248	0.9062	0.6815	0.4764	0.2946	0.8223	0.9911	0.9031	0.4755	0.0595	0.4985	0.5789	0.2356	0.6815	0.6051	0.8232	0.9352	0.4161	0.9301	0.8245	0.2164	0.5398	0.5667	0.0469	0.3703	0.9956	0.9469	0.1003
pancreatitis, chronic	0.3979	0.1853	0.6928	0.9819	0.7191	0.1082	0.4153	0.7354	0.705	0.5307	0.5403	0.1165	0.5985	0.6039	0.2845	0.6432	0.1317	0.0646	0.164	0.6543	0.887	0.764	0.0528	0.9489	0.0545	0.0876	0.6175	0.3245	0.3264	0.2271	0.2116	0.3685	0.8722	0.8298	0.4958	0.4809	0.9684	0.4747	0.193	0.8537	0.3185	0.2704	0.9718	0.8513	0.2955	0.5695	0.1329	0.1905	0.4153	0.6679	0.8735	0.9995	0.9669	0.5769	0.3814	0.9285	0.6408	0.27	0.7045	0.0776	0.8168	0.9643	0.913	0.5388	0.2568	0.1859	0.0612	0.7606	0.2261	0.267	0.0923	0.03	0.2955
panic disorder	0.4846	0.5525	0.2212	0.1853	0.9958	0.0962	0.1231	0.0951	0.0162	0.996	0.0928	0.8547	0.161	0.4964	0.3789	0.8883	0.7745	0.1641	0.3965	0.0615	0.4146	0.4949	0.4324	0.1712	0.4358	0.2872	0.014	0.589	0.9965	0.6484	0.17	0.9262	0.1936	0.7757	0.8327	0.8056	0.814	0.7388	0.6396	0.2779	0.5135	0.7678	0.7798	0.1738	0.0616	0.4893	0.991	0.9784	0.5329	0.7204	0.9984	0.0035	0.0074	0.2995	0.2293	0.923	0.0332	0.1116	0.2512	0.2545	0.5513	0.9992	0.3291	0.5227	0.8757	0.1281	0.9639	0.9998	0.0843	0.256	0.3057	0.3218	0.7507
periodontitis	0.0285	0.6944	0.7469	1	0.9858	0.3287	0.7017	0.4764	0.7228	1e-04	0.1617	1	0.381	0.0021	0.2032	0.6415	0.8068	0.0604	0.8509	0.4799	0.7236	0.8399	0.1672	0.8108	0.1569	0.0539	0.3152	0.7748	1e-04	0.6704	0.6968	0.9995	1	0.1103	3e-04	0.5739	0.5966	0.8982	0.5396	0.3984	0.2091	0.6481	0.9859	0.7211	0.4411	0.674	0.0311	1e-04	0.5181	0.6801	0.0028	1	0.9329	1e-04	0.6725	0.9929	0.8834	0.6829	0.7743	1	0.9534	0.9869	0.9779	0.5455	0.5505	0.2791	0.5785	0.0207	0.151	0.5946	0.3175	0.4521	0.2298
pre-eclampsia	0.652	0.8264	0.2741	0.9998	0.8336	0.6397	0.4922	0.2595	0.1775	0.166	0.2419	0.9965	0.5338	0.168	0.0263	0.2468	0.6082	0.5419	0.7608	0.0054	0.8426	0.9019	0.0741	0.9107	0.5069	0.6022	0.3365	0.0554	0.2403	0.806	0.3772	0.5257	0.9439	0.051	0.0514	0.8936	0.9895	0.1376	0.4261	0.2331	0.0286	0.5829	0.7768	0.5709	0.211	0.7534	0.3167	0.1384	0.2172	0.7168	0.6014	1	0.8825	0.0339	0.1433	0.7531	0.087	0.6584	0.4036	0.9386	0.6561	0.3972	0.8733	0.8991	0.369	0.2424	0.9105	0.4766	0.1055	0.6549	0.1632	0.2352	0.9351
premature birth	0.0866	0.1502	0.5686	0.9957	0.9527	0.0407	0.8264	0.6185	0.6012	0.0097	0.4372	0.9995	0.193	0.0761	0.3881	0.4749	0.9359	0.0584	0.1253	0.8368	0.896	0.7812	0.3887	0.9714	0.8796	0.027	0.3578	0.7688	4e-04	0.2406	0.4385	0.5766	0.9028	0.092	0.028	0.2725	0.4811	0.9215	0.3848	0.2105	0.4094	0.5502	0.9929	0.8222	0.8318	0.3228	0.0592	6e-04	0.6565	0.8952	0.0472	1	0.947	0.0051	0.3574	0.9166	0.6684	0.8009	0.5089	0.9984	0.5586	0.9239	0.8694	0.0533	0.4481	0.4559	0.9107	0.0028	0.2067	0.7668	0.1421	0.0344	0.93
primary idiopathic dilated cardiomyopathy	0.9815	0.6043	0.2635	0.4963	0.5308	0.9598	0.2929	0.0742	0.2472	0.7262	0.4957	0.8387	0.5844	0.6323	0.1332	0.5329	0.1358	0.9027	0.988	0.1536	0.4974	0.5126	0.4848	0.5019	0.1014	0.9864	0.3463	0.0081	0.9556	0.9927	0.5874	0.9602	0.8559	0.9123	0.8914	0.5126	0.5868	0.4648	0.0104	0.5678	0.4716	0.0543	0.4463	0.2178	0.4969	0.7938	0.5869	1	0.1309	0.0013	0.9451	0.7473	0.4904	0.2895	0.5254	0.0126	0.0446	0.224	0.4662	0.4473	0.548	0.0029	0.6285	0.9936	0.2859	0.499	0.8009	0.9961	0.0665	0.683	0.9935	0.9744	0.1086
primary ovarian insufficiency	0.683	0.8851	0.1631	0.2982	0.9314	0.4672	0.2725	0.7113	0.515	0.5706	0.099	0.2212	0.7103	0.6714	0.4588	0.8356	0.0429	0.5122	0.7403	0.0951	0.5937	0.3375	0.5853	0.2385	0.713	0.3705	0.1374	0.7492	0.6989	0.4762	0.2612	0.6813	0.4279	0.1333	0.9189	0.9715	0.8952	0.4104	0.9836	0.2197	0.5641	0.0892	0.3452	0.1834	0.3505	0.6553	0.6673	0.9383	0.3556	0.2832	0.4061	0.953	0.5861	0.3829	0.9018	0.1799	0.1621	0.261	0.3837	0.4265	0.7477	0.3097	0.3834	0.7008	0.0508	0.5314	0.7503	0.5321	0.0656	0.1563	0.5343	0.1583	0.6221
psoriasis	0.002	0.9064	0.3749	0.9993	0.9827	0.051	0.6463	0.7986	0.9522	7e-04	0.2901	0.9907	0.0098	0.0042	0.588	0.8847	0.9948	0.0164	0.0495	0.8631	0.9588	0.9783	0.2185	0.9926	0.4202	0.0043	0.1424	0.7738	1e-04	0.024	0.5673	0.9012	1	0.0117	0.0039	0.2621	0.142	0.9846	0.4082	0.0096	0.3249	0.9774	0.9903	0.9744	0.635	0.499	0.0252	1e-04	0.9952	0.8083	0.0121	1	0.9858	1e-04	0.6753	0.9826	0.7905	0.5543	0.2742	0.9917	0.4695	0.9948	0.92	0.0472	0.9775	0.8359	0.9375	0.0236	0.03	0.8476	0.0168	2e-04	0.7013
pulmonary disease, chronic obstructive	0.7532	0.7648	0.9945	1	0.9287	0.0398	0.5139	0.5418	0.3801	0.0021	0.4029	0.9992	0.1548	0.0013	0.3258	0.7364	0.82	0.3041	0.2647	0.3352	0.7554	0.8051	0.2096	0.8879	0.4511	0.1527	0.151	0.5976	0.0185	0.2918	0.3336	0.996	0.9999	0.0337	1e-04	0.2094	0.7715	0.6882	0.0689	0.8394	0.2105	0.818	0.777	0.5412	0.4252	0.5075	0.1076	1e-04	0.3295	0.36	0.1527	1	0.9996	9e-04	0.6493	0.7756	0.9456	0.418	0.0853	0.9986	0.7442	0.9577	0.997	0.097	0.7535	0.7971	0.3363	0.2277	0.0926	0.5749	0.0966	0.1548	0.2431
retinal diseases	0.9175	0.9791	0.9093	0.3135	0.1751	0.7808	0.3414	0.4663	0.1879	0.4455	0.3118	0.0076	0.9238	0.2749	0.0411	0.0698	0.7295	0.933	0.7266	0.2497	0.1022	0.843	0.5945	0.8696	0.8504	0.8227	0.7032	0.5387	0.5808	0.9279	0.7576	0.9691	1e-04	0.7672	0.3502	0.7882	0.5027	0.903	0.4086	0.8654	0.2837	0.4735	0.7911	0.1339	0.2264	0.1162	0.7665	0.7768	0.5113	0.3105	0.9631	0.0463	4e-04	0.5047	0.1413	0.5581	0.7923	0.3648	0.8951	0.0026	0.8682	0.9127	0.8066	0.7299	0.4568	0.4402	0.8564	0.9791	0.1297	0.3852	0.9641	0.9324	0.6245
sarcoidosis	0.78	0.5324	0.6963	1	0.3907	0.1793	0.606	0.4022	0.873	1e-04	0.8271	0.9938	0.8435	3e-04	0.1624	0.3283	0.6969	0.8227	0.0963	0.9673	0.5712	0.9423	0.2641	0.967	0.6772	0.5205	0.5141	0.8253	1e-04	0.9596	0.463	0.808	1	2e-04	0.0077	0.7179	0.3646	0.8523	0.6349	0.1583	0.4138	0.6953	0.8119	0.5416	0.5105	0.6305	0.0092	1e-04	0.5823	0.8872	0.0013	0.995	0.7947	1e-04	0.509	0.9783	0.956	0.9312	0.5378	0.9805	0.733	0.9186	0.9978	0.1922	0.9353	0.6387	0.9413	0.004	0.4614	0.5343	0.0743	0.7767	0.6712
schizophrenia	0.9361	0.9026	0.9132	1e-04	0.9139	0.9867	0.8709	0.6714	0.5527	0.4199	0.4284	0.2756	0.768	0.089	0.2015	0.6869	0.9964	0.9812	0.8557	0.0339	0.085	0.7032	0.2143	0.7722	0.9031	0.881	0.1395	0.4217	0.053	0.9341	0.5068	0.9945	0.003	0.352	0.3032	0.9827	0.6482	0.026	0.4892	0.335	0.9831	0.0527	0.9273	0.8754	0.912	0.524	0.917	0.5296	0.2874	0.704	0.7458	1e-04	1e-04	0.0096	4e-04	0.2421	0.8973	0.2516	0.5648	0.7106	0.0194	0.9958	0.4631	0.9513	0.682	0.5825	0.951	0.9732	0.596	0.1655	0.9955	0.9642	0.9952
scleroderma, systemic	0.989	0.9471	0.9284	0.9446	0.6602	0.9981	0.2554	0.1026	0.2465	0.0014	0.5515	0.6598	0.9983	4e-04	0.3597	0.3457	0.3491	0.9918	0.9959	0.2922	0.4541	0.7562	0.1891	0.5405	0.0378	0.9943	0.4533	0.885	3e-04	0.9979	0.8449	0.9901	0.7872	1e-04	0.0234	0.9844	0.0027	0.9954	0.2175	0.6786	0.045	0.327	0.9267	0.2351	0.5772	0.8234	0.0035	4e-04	0.8636	0.2931	0.0109	0.9343	0.6841	0.0057	0.5069	0.8835	0.8903	0.3725	0.4072	0.9865	0.9963	0.4019	0.6687	0.9957	0.3944	0.3777	0.0796	0.0019	0.5172	0.9834	0.9405	0.9975	0.0892
sleep apnea, obstructive	0.8943	0.5136	0.3757	0.9744	0.3998	0.6942	0.1567	0.0372	0.0137	0.2084	0.6492	0.9687	0.7531	0.659	0.0973	0.2435	0.671	0.999	0.9232	0.1027	0.3947	0.256	0.136	0.5031	0.3942	0.9169	0.1359	0.0385	0.6359	0.9174	0.1286	0.6682	0.7852	0.4098	0.2184	0.9208	0.4221	0.092	0.6807	0.3156	0.3636	0.3502	0.4915	0.3475	0.4451	0.5445	0.8358	0.0583	0.4692	0.9608	0.7974	0.9376	0.9143	0.024	0.0372	0.759	0.872	0.5484	0.2726	0.4274	0.5197	0.7589	0.6612	0.7129	0.7861	0.0543	0.704	0.9845	0.0845	0.4463	0.5448	0.5676	0.153
spondylitis, ankylosing	0.0962	0.2199	0.6005	0.9922	0.7954	0.2921	0.6876	0.3863	0.8635	0.0068	0.8943	0.984	0.1556	0.0078	0.2662	0.751	0.9288	0.215	0.106	0.8039	0.1982	0.9518	0.4135	0.9654	0.4684	0.0546	0.1911	0.9274	0.0011	0.1	0.7713	0.9845	0.999	0.0027	0.0273	0.3197	0.2316	0.826	0.4805	0.8419	0.3486	0.9528	0.9088	0.6097	0.6173	0.2961	0.344	1e-04	0.7968	0.8455	0.003	0.9982	0.8386	1e-04	0.6984	0.7539	0.6918	0.9385	0.7055	0.9954	0.5637	0.9907	0.9916	0.0818	0.6313	0.5563	0.9658	0.0027	0.3917	0.8803	0.1294	0.0363	0.2732
stroke	0.9552	0.4715	0.89	0.9998	0.7139	0.7353	0.571	0.0089	0.0212	0.0767	0.7726	0.9926	0.7076	0.0122	5e-04	0.113	0.7026	0.6464	0.9646	0.4292	0.4195	0.8691	0.0364	0.9406	0.0789	0.5849	0.6352	5e-04	0.3442	0.9514	0.4358	0.193	0.6886	0.2819	0.0286	0.863	0.5379	0.4961	0.0343	0.3724	0.0075	0.6277	0.4799	0.2263	0.3962	0.7545	0.9453	0.4666	0.4361	0.4844	0.8833	0.9396	0.8736	0.0868	0.3235	0.5776	0.9216	0.7061	0.0038	0.9614	0.9976	0.0804	0.9361	0.8945	0.405	0.7063	0.9211	0.9831	0.2868	0.3458	0.4486	0.8218	0.5774
sudden infant death	0.3919	0.0938	0.9363	0.1624	0.3794	0.4544	0.644	0.5026	0.1753	0.7404	0.4579	0.9255	0.4615	0.2236	0.2382	0.262	0.65	0.4282	0.0925	0.0256	0.6793	0.6619	0.5205	0.6169	0.7079	0.4172	0.5916	0.1185	0.0128	0.8917	0.765	0.8071	0.8818	0.2591	0.5361	0.9029	0.1132	0.8067	0.6955	0.7614	0.6674	0.4445	0.9902	0.0683	0.7839	0.1432	0.2966	0.2921	0.9651	0.6281	0.4615	0.2819	0.006	0.1407	0.4431	0.506	0.5474	0.6508	0.4138	0.3778	0.3341	0.906	0.9669	0.0245	0.9669	0.1217	0.987	0.4622	0.4694	0.9447	0.4987	0.3047	0.9541
tobacco use disorder	0.9405	0.9081	0.6359	1e-04	0.3824	0.9986	0.6008	0.0062	0.6293	1	0.114	1e-04	0.9734	0.9986	0.0327	0.2857	0.0167	0.963	0.9946	0.1264	0.061	0.3536	0.1626	0.1452	0.3625	0.9534	0.7435	9e-04	0.7165	0.9986	0.8781	0.3166	1e-04	0.9996	1	0.9616	0.9957	0.0371	0.0797	0.3166	0.4958	0.2843	0.8591	0.2536	0.4006	0.2861	0.9872	0.9969	0.4607	0.2721	1	1e-04	1e-04	0.9698	0.0096	0.3944	0.4311	0.0658	0.9974	0.0218	0.0096	0.0182	0.3328	0.9818	0.4631	0.4728	0.3886	0.9942	0.4179	0.2337	0.9988	0.9952	0.3927
tuberculosis	0.2456	0.8757	0.6011	1	0.997	0.2898	0.9389	0.8717	0.9199	1e-04	0.4113	0.9925	0.4841	1e-04	0.8066	0.6577	0.8753	0.0022	0.2941	0.9194	0.9181	0.8485	0.5942	0.9845	0.978	0.0015	0.178	0.8661	1e-04	0.086	0.6262	1	0.9985	1e-04	1e-04	0.2086	0.2449	0.9451	0.4018	0.0675	0.6743	0.7082	0.9838	0.7349	0.5947	0.3072	0.0184	1e-04	0.6262	0.5128	1e-04	1	0.9159	1e-04	0.7882	0.9997	0.9267	0.8568	0.1598	0.9999	0.9932	0.9788	0.9982	0.2504	0.813	0.9742	0.9342	1e-04	0.4371	0.827	0.3138	0.0687	0.9552
tuberculosis, pulmonary	0.3899	0.956	0.6967	1	0.9383	0.4663	0.9344	0.8132	0.926	1e-04	0.4742	0.995	0.2301	1e-04	0.4851	0.6453	0.9659	0.3937	0.6211	0.9871	0.955	0.9622	0.6927	0.9941	0.3296	0.14	0.832	0.9689	1e-04	0.3125	0.5341	0.9997	1	1e-04	1e-04	0.4233	0.1676	0.9463	0.935	0.2082	0.6916	0.9319	0.6862	0.8825	0.5879	0.8025	1e-04	1e-04	0.542	0.7907	1e-04	0.9742	0.9344	1e-04	0.621	0.957	0.9202	0.9944	0.218	1	0.9906	0.9791	0.9998	0.7192	0.9964	0.8594	0.8884	2e-04	0.7851	0.6459	0.0954	0.0851	0.9644
venous thromboembolism	0.9567	0.1215	0.3784	0.9998	0.1621	0.3267	0.4218	0.1896	0.1936	0.0943	0.5992	0.9992	0.6336	0.0356	0.221	0.0487	0.8431	0.3834	0.7254	0.5952	0.3417	0.9792	0.1107	0.9892	0.2393	0.6599	0.234	0.0014	0.304	0.9893	0.4216	0.0155	0.8557	0.4887	0.0544	0.8876	0.6689	0.4136	0.9056	3e-04	0.0867	0.888	0.3639	0.195	0.3633	0.0749	0.6039	0.1379	0.2955	0.5575	0.2577	0.998	0.9787	0.0749	0.6638	0.3915	0.4702	0.9409	0.0691	0.698	0.9763	0.6604	0.773	0.2047	0.6872	0.4302	0.9727	0.9044	0.72	0.5726	0.2107	0.2568	0.462
vitiligo	0.6934	0.8596	0.8707	0.998	0.7278	0.8139	0.4382	0.5718	0.696	6e-04	0.7548	0.9993	0.8241	0.0026	0.1727	0.3267	0.8482	0.8786	0.8139	0.4528	0.7854	0.7275	0.2239	0.7474	0.7074	0.7599	0.4859	0.6263	0.0035	0.5257	0.3156	0.9993	0.9975	0.0323	0.0444	0.6054	0.0134	0.0695	0.321	0.9924	0.2868	0.36	0.9377	0.8991	0.5476	0.8081	1e-04	3e-04	0.5081	0.8058	0.0231	0.9809	0.25	3e-04	0.2322	0.7498	0.9946	0.7213	0.2427	0.9441	0.9007	0.9652	0.961	0.7657	0.8078	0.0361	0.559	0.0013	0.1855	0.8034	0.6228	0.431	0.6526
