acinar cell	alveolar epithelial cell	amniotic epithelial cell	astrocyte	blood vessel endothelial cell	bronchial epithelial cell	bronchial smooth muscle cell	cardiac fibroblast	cardiac myocyte	cd14+ monocyte derived endothelial progenitor cell	chondrocyte	ciliated epithelial cell	corneal epithelial cell	dendritic cell - monocyte immature derived	endothelial cell of hepatic sinusoid	endothelial cell of lymphatic vessel	enteric smooth muscle cell	epithelial cell of malassez	epithelial cell of prostate	fat cell	fibroblast of choroid plexus	fibroblast of gingiva	fibroblast of lymphatic vessel	fibroblast of periodontium	fibroblast of tunica adventitia of artery	gingival epithelial cell	hair follicle cell	hepatic stellate cell	immature langerhans cell	keratinocyte - epidermal	keratocyte	kidney epithelial cell	lens epithelial cell	lymphocyte of b lineage	macrophage	mammary epithelial cell	mast cell	melanocyte - light	mesenchymal precursor cell	mesenchymal somatic cell	mesenchymal stem cell - adipose	mesenchymal stem cell - amniotic membrane	mesenchymal stem cell - bone marrow	mesenchymal stem cell - hepatic	mesenchymal stem cell - umbilical	mesothelial cell	migratory langerhans cell	monocyte	multipotent cord blood unrestricted somatic stem cell	myoblast	natural killer cell	neuron	neuronal stem cell	neutrophil	osteoblast	pericyte cell	placental epithelial cell	preadipocyte	reticulocyte	retinal pigment epithelial cell	sensory epithelial cell	skeletal muscle cell	skin fibroblast	small airway epithelial cell	smooth muscle cell of prostate	smooth muscle cell of trachea	stromal cell	t cell	tendon cell	trabecular meshwork cell	tracheal epithelial cell	urothelial cell	vascular associated smooth muscle cell
abortion, spontaneous	1	1	1	0.999999999999923	0.993340617283504	1	1	0.981781323885382	0.999993867590768	0.999068083544206	0.999998790525437	1	1	0.999959839990432	0.999998245856377	0.00765562231387419	1	1	1	1	1	1	1	1	1	1	1	1	1	0.999999997356535	1	0.99998894308701	1	0.997247934548239	0.999999999999877	0.930455012604195	0.999999344997546	1	0.999999992172845	0.999999992172845	1	1	0.999999999999995	1	1	1	1	0.999068083544206	1	1	3.83828403699952e-118	1	0.929170468988697	0.999999999999993	0.999999999745803	0.243346507793791	1.86339514636904e-21	1	0.999963861166012	1	1	0.999999999999976	0.999828218037046	0.999999971264956	1	1	0.675204271490652	1.96264878120914e-10	1	1	1	1	0.65255596793692
acute coronary syndrome	1	1	1	1	0.00128504583278855	1	1	1	0.219604353543602	0.00449518201262044	1	0.999999999997238	1	0.989917570118676	0.999775209426204	1	1	1	1	0.989535518781663	1	1	1	1	1	1	1	1	1	1	1	1	1	0.9999999999879	0.998294587723245	1	0.380584276914162	1	0.992606067733014	0.992606067733014	1	1	0.951765651122153	1	1	0.999999999997238	1	0.00449518201262044	1	0.828356187390558	0.999838270125119	1	1	0.808436713964688	1	1	1	1	1	1	0.999999999997238	0.999988808508648	1	1	1	1	0.999879589900574	0.999841517086617	1	1	1	1	0.32844177236129
alcohol abuse	1	0.687941291726144	1	0.999999999270426	0.999999999999982	0.999853615876777	1	1	0.999999999923249	1	1	1	1	1	0.999999959290767	1	1	1	0.989448702630623	0.99999999997034	1	1	1	1	1	1	1	1	0.999999187144966	1	1	0.999999999999754	1	1	1	1	1	0.9999999999866	1	1	1	1	1	1	1	1	0.999999187144966	1	1	1	0.999999944377133	1	0.99995227939193	1	0.999999999993759	1	1	1	0.958785380782967	1	1	0.999999999991565	0.999999999999999	0.999999999999999	1	1	1	1	1	1	1	1	1
alcoholism	1	0.687941291726144	1	0.999999999270426	0.999999999999982	0.999853615876777	1	1	0.999999999923249	1	1	1	1	1	0.999999959290767	1	1	1	0.989448702630623	0.99999999997034	1	1	1	1	1	1	1	1	0.999999187144966	1	1	0.999999999999754	1	1	1	1	1	0.9999999999866	1	1	1	1	1	1	1	1	0.999999187144966	1	1	1	0.999999944377133	1	0.99995227939193	1	0.999999999993759	1	1	1	0.958785380782967	1	1	0.999999999991565	0.999999999999999	0.999999999999999	1	1	1	1	1	1	1	1	1
amyotrophic lateral sclerosis	1	1	1	6.26277058229488e-245	0.98387680656999	1	1	1	0.688576532466017	0.999101951678488	1	0.999999998999822	1	0.999898756146047	0.999999295838112	1	1	1	1	1	1	1	1	1	1	1	1	1	1	0.999569783976345	1	1	1	0.999999989499561	0.999999501331106	1	0.999973092939618	1	7.06887952666888e-11	7.06887952666888e-11	1	1	0.999999778281483	1	1	0.999999998999822	1	0.999101951678488	1	6.45702538112058e-05	0.999999881940684	8.39516345413446e-320	1.05201920057182e-19	0.999999999999999	1	0.53007985271876	1	1	0.99665531767487	1	0.999999998999822	6.80958113477112e-36	0.904980104137536	1	1	1	2.37352020837492e-07	0.999999999932058	1	1	1	1	1
aortic aneurysm, abdominal	1	1	1	1	5.24413748780012e-06	1	1	1	1	0.614652325904715	1	1	1	0.99999981896785	0.999999756016281	1	1	1	1	1	1	0.693462674826566	1	0.81343821157444	0.00902795673696732	1	1	1	1	1	1	0.99880914664248	1	0.999999954887484	1.87040082963132e-07	1	0.752598828206956	1	0.999862849156562	0.999862849156562	1	1	0.999999981360301	1	1	1	1	0.614652325904715	1	1	0.999987347274244	1	1	0.00734415513479755	0.999998504045045	1	1	1	1	1	1	0.999999998938824	0.994241024087025	1	1	1	0.999999921305037	1	1	1	1	1	5.90236207709519e-22
arthritis	0.000562284887467706	1	1	1	1	1	1	0.999789860164028	1	9.85391937879547e-217	8.39516345413446e-320	1	0.999999441064589	1.76691999596505e-09	1	0.766036783506682	0.370769503486805	1	1	1	1	0.999972084009749	1	0.999999950430548	1	0.998980267664709	1	1	0.999999903547431	1	1	1	1	8.39516345413446e-320	4.48815248036845e-231	0.999999992869103	0.00457198772246269	1	1.16725199640066e-14	1.16725199640066e-14	0.336186520543521	1	1.09464937783753e-51	1	0.220938304533583	1	0.999999903547431	9.85391937879547e-217	0.220938304533583	0.999999999999999	0.0189661576749581	1	1	8.39516345413446e-320	1.17473349034801e-15	0.999918823027299	0.99998871875692	0.999979285124255	0.999999999999984	1	1	1	0.994728980286547	1	1	1	1.47155024173637e-05	8.39516345413446e-320	0.295089663528098	1	1	1	0.999999999999296
arthritis, juvenile rheumatoid	1	1	1	1	1	1	1	1	0.999962022746739	2.75366095195878e-07	0.206416457052694	1	1	0.511245201041417	1	0.108420806734198	1	1	1	0.993429194730937	1	0.512721474980893	1	0.6397088040693	1	1	1	1	1	0.998696293969642	1	1	1	4.16618350486962e-21	0.915869456871735	1	0.991483447528283	1	0.787466658160497	0.787466658160497	1	1	0.0856161246421623	1	1	1	1	2.75366095195878e-07	1	1	0.0278008763118911	1	1	5.33302610407243e-05	0.987804671463522	1	1	1	1	1	1	0.999952537137998	0.934767298381851	0.997312972518606	1	1	0.989226382021063	1.00228379902327e-56	1	1	1	1	1
arthritis, psoriatic	1	1	1	1	1	1	1	1	1	7.18101651521085e-07	1	0.999264461477529	1	0.0124585272675239	1	1	1	1	1	1	1	1	1	1	1	1	1	1	0.538757679332057	4.57347702445125e-07	1	1	1	0.0233249982479114	0.000955753891694411	1	0.180750037095936	1	1	1	1	1	0.0919710017246435	1	1	0.999264461477529	0.538757679332057	7.18101651521085e-07	1	1	0.00396814443692	1	1	0.00891825776040644	0.972074314266131	1	1	1	1	1	0.999264461477529	1	0.30676892575679	1	1	1	0.931684630748934	6.43331370793428e-32	1	1	1	1	1
arthritis, rheumatoid	8.56410578950972e-07	1	1	1	0.999650120848746	1	1	0.995961923877893	1	6.64113293019153e-294	1.14684795825431e-43	1	0.985322840847209	1.24078808793631e-20	1	0.720810998288055	0.119256780806616	1	1	1	1	0.996955760366935	1	0.999854290646802	1	0.923057695877814	1	1	0.973793518609049	0.999999999995412	1	0.999999999990419	1	8.39516345413446e-320	2.92618541885809e-205	1	7.49977304436567e-06	0.999999999999999	0.274948631201775	0.274948631201775	0.539516068708919	1	3.42294069349144e-143	1	0.553710455876497	1	0.973793518609049	6.64113293019153e-294	0.553710455876497	0.999999990509004	4.83741827992264e-13	1	1	8.39516345413446e-320	0.532889615066533	0.995858649084221	0.994563869681252	0.99789007487305	0.999277923386137	1	1	1	0.143227107554033	0.999999999638739	1	1	0.122982035834274	8.39516345413446e-320	1	1	1	1	0.999999444484635
asthma	1	0.116324585786898	0.959796148116128	1	1	2.22642633646667e-280	5.20138796267808e-175	1	1	0.00246248521893546	1	1	1	7.36037114233351e-87	1	1	1	1	1	1	1	1	1	1	1	1	1	1	0.99999956512052	1	1	1	1	0.999957076625051	0.000110539951900686	1	8.39516345413446e-320	1	0.999999999994202	0.999999999994202	0.987775002084403	1	0.999999995955321	1	0.879354630690508	1	0.99999956512052	0.00246248521893546	0.879354630690508	0.99999999945536	0.999676905738267	1	1	4.84354825128259e-294	1	1	0.99735453728686	1	1	1	1	1	1	8.39516345413446e-320	1	2.96087878097834e-56	1	8.39516345413446e-320	1	1	1.09730393150903e-11	1	0.999998675529993
atherosclerosis	0.260837181874919	1	1	0.999999999907768	8.39516345413446e-320	0.946780559446197	1	0.9533624724373	0.998908146313286	8.39516345413446e-320	0.712666048477704	8.39516345413446e-320	1	2.80107853862617e-61	1.38943436123641e-14	1	1	1	1	2.22430293911859e-40	1	1	1	0.932566353371586	4.18122059032431e-07	1	1	1	0.946339231236509	0.99999955515695	1	0.994337111351357	1	0.563541606431569	8.39516345413446e-320	1	6.85982121344206e-09	1	0.0114781033191509	0.0114781033191509	0.601269297293514	1	8.39516345413446e-320	1	1	8.39516345413446e-320	0.946339231236509	8.39516345413446e-320	1	0.581691143603339	0.951573482614375	1	1	1.57430136266635e-08	0.487498819998292	0.00224099097748948	0.710330965056841	0.0168405688522773	1	1	8.39516345413446e-320	0.999999998476006	0.89512776983509	0.994907401730696	1	1	0.320316559669658	3.61317723549954e-43	1	1	1	1	8.39516345413446e-320
attention deficit disorder with hyperactivity	1	1	1	0.999999980378039	1	1	1	1	1	1	1	1	1	1	1	1	1	1	1	1	1	1	1	1	1	1	1	1	1	1	1	1	1	1	1	1	1	0.999446003425949	1	1	1	1	1	1	1	1	1	1	1	1	0.999999999995218	1	1	1	1	1	1	1	1	1	1	1	1	1	1	1	1	1	1	1	1	1	1
autistic disorder	1	1	1	0.900089543065024	0.999474964090891	1	1	1	0.999999995960536	0.999999973311605	1	1	0.848526646679704	0.999999999268658	0.999999976787452	1	1	1	1	1	1	1	1	1	1	1	1	1	1	0.999996671458065	1	1	1	0.999999999999203	1	1	0.99186930833685	0.997468377449787	0.999965294021965	0.999965294021965	1	1	1	1	1	1	1	0.999999973311605	1	1	0.99998082654225	1.75072464843073e-08	0.686259666571708	1	1	1	1	1	1	1	1	1	0.989890553506574	1	1	1	0.999999993713824	1	1	1	1	1	1
behcet syndrome	1	1	1	1	0.681653329499243	1	1	1	1	1.8006604331253e-05	1	0.999999999999996	1	0.167062123403611	1	1	1	1	1	1	1	1	1	1	1	0.284861753319129	1	1	0.000217031843612887	0.980588504294593	1	1	1	0.260450244201463	0.99840903595915	1	0.352172762225689	0.938102575413117	1	1	1	1	0.222096964976966	1	1	0.999999999999996	0.000217031843612887	1.8006604331253e-05	1	1	1.68109589495186e-07	1	1	3.03562031115554e-70	1	1	1	1	0.962807089549334	1	0.999999999999996	1	1	1	1	1	1	1.23440780504157e-55	1	1	1	1	1
bipolar disorder	1	1	1	0.996339306868751	0.999999661465263	1	1	1	0.999999999999999	0.999999999999974	1	1	1	1	0.999999999999999	1	1	1	1	1	1	1	1	1	1	1	1	1	1	1	1	1	1	1	1	1	1	1	1	1	1	1	1	1	1	1	1	0.999999999999974	1	1	0.999999999999986	1	0.990793292398989	1	1	1	1	1	0.999999129772923	1	1	1	0.99721848641535	1	1	1	1	1	1	1	1	1	1
cardiomyopathies	1	0.720314396508599	1	1	0.000161383498827259	1	1	2.31741155873238e-218	8.39516345413446e-320	0.999999270402398	0.999999999999999	1	1	0.99999999999909	1	0.631488890617581	1	1	1	0.999977776312599	1	1	1	1	0.046833141205783	1	1	0.906476277916256	0.999999782599591	1	1	0.999999999809495	1	1	0.999944445900314	1	0.0174397518169542	0.999999999485092	3.46192770575564e-05	3.46192770575564e-05	0.804753191570866	1	1	1	0.766357326862108	1	0.999999782599591	0.999999270402398	0.766357326862108	4.00745364009573e-28	0.988988531728575	1	1	1.35978522336963e-71	1	0.620762553933813	1	0.991938631496112	0.999999999999992	1	1	8.39516345413446e-320	0.999170898086104	1	1	1	0.485742598433928	0.498394646211324	1	1	1	1	0.967946951572314
cardiomyopathy, hypertrophic	1	1	1	1	1	1	1	2.45210601425122e-09	8.39516345413446e-320	0.999999995845033	1	1	1	1	1	1	1	1	1	1	1	1	1	1	1	1	1	1	1	1	1	0.979110714069662	1	1	1	1	0.999931288518132	0.988302061697049	0.999519130376978	0.999519130376978	1	1	1	1	1	1	1	0.999999995845033	1	0.75911447988131	0.999999974673437	1	1	0.999999999999984	1	1	1	1	1	1	1	1.2057898241654e-276	0.998059312538681	1	1	1	0.99999920943387	1	1	1	1	1	0.839628737276484
cardiovascular diseases	0.999999998975077	0.999397933296693	1	1	8.39516345413446e-320	1	1	2.27166443301347e-319	8.39516345413446e-320	0.999999999986536	1	1	1	1	1	0.999998190232103	0.999946682495573	1	1	1	1	1	0.656368931290955	1	9.34309024832082e-06	1	1	1	1	1	0.999928190198192	1	1	1	1	1	1	1	0.999999999997815	0.999999999997815	0.999999997744654	0.986360555068445	1	0.980913091824602	0.999962366995273	1	1	0.999999999986536	0.999962366995273	1.3424743982635e-13	1	1	0.999999942455952	0.99999999999994	1	6.90244027647757e-33	1	1	1	0.999262264342489	1	3.66467880276649e-76	1	1	1	1	1	1	0.999971491361831	1	1	0.999992710049595	4.48278080191603e-300
carotid atherosclerosis	1	1	1	0.999998944624237	4.976162199497e-64	1	1	0.966335031241374	0.999999999999975	0.000185656573244036	0.999999635258028	1	1	0.99999999883309	1	1	1	1	1	0.999999662824695	1	0.960591027089532	1	0.989865795092791	0.0244974243539192	1	1	1	1	0.999999999999894	1	1	1	1	5.37385426680358e-20	1	0.999999844612664	1	0.99542873622348	0.99542873622348	1	1	0.999999999935395	1	1	1	1	0.000185656573244036	1	0.508143754889348	1	1	1	0.999999999999978	1	0.891378608946926	1	0.711040907870903	1	1	1	1	0.999999997682807	1	1	1	0.999999920004628	1	1	1	1	1	1.52069482951775e-227
celiac disease	1	1	1	0.999993247400559	0.996156180506524	1	1	1	2.29596850818655e-15	0.998493858104719	1	0.863124064369084	1	0.286014486572477	1	1	1	1	1	1	1	1	1	1	1	1	1	1	1	1	1	1	1	2.75463882254618e-09	0.999999999969321	1	0.000277464842431841	1	0.999972692786188	0.999972692786188	1	1	0.999999999998025	1	1	0.863124064369084	1	0.998493858104719	1	1	0.0208084316360952	1	1	0.999927611444871	0.999997788018554	1	1	1	0.728392833053491	1	0.863124064369084	1.43875539193073e-106	0.999813917917408	0.939665061682601	1	1	0.99999999595529	9.90290787508966e-128	1	1	1	1	1
cerebral infarction	1	1	0.537789729115739	2.32884295456243e-193	2.48045474697008e-05	1	1	1	0.99999999998106	0.996130572362813	1	1	1	0.999999999998553	0.999999999999392	1	1	1	1	0.999996191976066	1	1	1	1	1	1	1	1	1	1	1	0.999996037332543	1	1	0.986200471346317	1	0.999999900178498	1	9.03832519312752e-08	9.03832519312752e-08	1	1	0.99999931083783	1	0.0924325430116633	1	1	0.996130572362813	0.0924325430116633	0.997263786135227	0.999999974924929	8.39516345413446e-320	3.81438681127348e-21	0.00830160617441869	1	0.000166292797438296	1	1	1	1	1	0.99999999999739	0.999978781227285	1	1	1	5.11015442548458e-15	1	1	1	1	1	0.980481855029291
cerebral palsy	1	1	1	0.964143077035656	1	1	1	1	0.982224761447904	0.999999999999885	0.999385799685697	1	1	1	1	1	1	1	1	1	1	1	1	1	1	1	1	1	1	1	1	0.999532941948451	1	1	1	1	0.999985426504872	1	0.999556379506661	0.999556379506661	1	1	1	1	1	1	1	0.999999999999885	1	1	0.999999999915507	0.99999970783022	0.0323109630285095	1	0.999999768170376	1	1	1	1	1	1	0.65038563185366	1	1	1	1	0.999998432777183	1	1	1	1	1	1
colitis, ulcerative	1	1	1	0.99999999999961	0.998940146647619	1	1	1	0.999999999999875	2.57607830684884e-36	1	0.960473548035917	1	0.0376072055254877	0.999999999997694	0.31260473530556	0.000762693534024228	1	1	1	1	1	1	1	1	1	1	1	0.996850742192924	1	1	1	1	3.13755681412453e-15	0.000102241712123268	1	2.14824597832449e-14	1	0.99988993339309	0.99988993339309	1	1	2.60095822820706e-17	1	1	0.960473548035917	0.996850742192924	2.57607830684884e-36	1	1	0.00526204643120397	1	1	4.09371076544411e-62	0.999999999997298	1	1	1	0.981648347917964	1	0.960473548035917	0.999999999999999	0.999935699893197	0.1690572682572	1	1	0.998912915225658	2.37422364236066e-48	1	1	1	1	1
coronary arteriosclerosis	1	1	1	1	1.42174868418311e-49	1	1	0.603215988403645	0.351923945403587	2.37172226061936e-29	1	1	0.988944852149622	0.999999063634634	0.999999999999992	1	1	1	1	0.942738471354498	1	1	0.0649570459288686	1	1	1	1	1	1	0.999999999999916	1	0.999999991247946	1	1	3.55466491138873e-18	1	0.981953866700724	0.999999365785876	0.953650789431919	0.953650789431919	0.793525151441784	1	0.450146843189079	1	1	1	1	2.37172226061936e-29	1	0.992690371811644	0.999999999979827	1	1	0.999978451835504	1	0.386687717371772	1	0.918866401627217	0.999999953485217	1	1	1	0.999999557401188	1	1	1	0.999990060230062	1	1	1	1	1	1.86419169078375e-20
coronary artery disease	1	1	1	1	1.42174868418311e-49	1	1	0.603215988403645	0.351923945403587	2.37172226061936e-29	1	1	0.988944852149622	0.999999063634634	0.999999999999992	1	1	1	1	0.942738471354498	1	1	0.0649570459288686	1	1	1	1	1	1	0.999999999999916	1	0.999999991247946	1	1	3.55466491138873e-18	1	0.981953866700724	0.999999365785876	0.953650789431919	0.953650789431919	0.793525151441784	1	0.450146843189079	1	1	1	1	2.37172226061936e-29	1	0.992690371811644	0.999999999979827	1	1	0.999978451835504	1	0.386687717371772	1	0.918866401627217	0.999999953485217	1	1	1	0.999999557401188	1	1	1	0.999990060230062	1	1	1	1	1	1.86419169078375e-20
coronary disease	1	1	1	1	1.25475495727038e-24	0.999999999971572	1	0.829603790455541	0.0630421085247061	0.958981480732063	1	1	0.999999999636795	1	1	1	1	1	1	1	1	1	0.276794690255056	1	0.113594882174256	1	1	1	1	1	1	1	1	1	1	1	1	1	1	1	0.999505441299847	1	1	1	1	1	1	0.958981480732063	1	0.999999963248818	1	1	1	1	1	0.994204426422518	1	0.999928172879079	1	1	1	0.987039286628156	1	1	1	1	1	1	1	1	1	1	9.09659237755947e-23
crohn disease	1	1	1	1	0.998659819582173	1	1	1	1	6.46870468203771e-42	1	0.694946882984147	0.972680255976932	6.26662316389316e-15	1	1	5.61015828067589e-08	1	1	0.866780990337614	1	1	1	1	1	1	1	1	0.953213288335901	0.999999999107725	0.171787213808479	1	1	3.83103556769853e-16	1.7055404431083e-14	1	3.28535439569834e-09	1	0.820257166260559	0.820257166260559	0.358979702720095	1	5.55232547753929e-17	1	1	0.694946882984147	0.953213288335901	6.46870468203771e-42	1	1	0.00174133490312251	1	1	2.94855605530932e-33	0.99999982880294	1	1	0.865641054757188	0.999287499151138	1	0.694946882984147	0.999999999999968	0.999999888635928	0.799052395085914	1	1	0.977503558710366	4.69657818734339e-115	1	1	1	1	1
deep vein thrombosis	1	1	1	1	0.988612801227396	1	1	1	1	0.99999999999862	1	1	1	1	0.999999999998034	1	1	1	1	1	1	1	1	1	1	1	1	1	1	1	1	0.999999992775559	1	1	1	1	0.999999999966911	1	0.999999999999719	0.999999999999719	1	1	1	1	1	1	1	0.99999999999862	1	1	1	1	1	1	1	0.928449284909086	0.918453566807948	1	0.999999952672966	0.436034877748433	1	1	0.999999998641956	1	1	1	1	1	1	1	1	1	0.999015497576501
dementia	1	1	0.873514258082756	8.39516345413446e-320	0.990050427811299	1	1	0.999999926199439	1	0.290693493934023	1	1	0.999999221594558	1	1	1	1	1	0.999696741091111	1	1	1	1	1	1	1	1	1	0.999999995090495	1	1	1	1	1	1	1	1	0.999999999999926	0.999999992461163	0.999999992461163	0.99274338125497	0.445736271095234	1	1	0.906083902969871	1	0.999999995090495	0.290693493934023	0.906083902969871	0.999986863281979	1	8.39516345413446e-320	5.45749449673729e-25	1	1	1.40236415476302e-09	0.998690017363939	0.999607285149189	1	1	1	1	5.3330654064084e-08	1	1	1	1	1	1	1	0.999715372317151	1	0.91894985240825
depression	1	1	1	0.999999931546968	0.999999999999981	1	1	1	1	1	1	1	1	1	1	1	1	1	1	1	1	1	1	1	1	1	1	1	1	1	1	1	1	1	1	1	1	1	1	1	1	1	1	1	1	1	1	1	1	1	0.851683292891405	1	0.999994094732723	1	1	1	1	1	0.99999999999999	1	1	1	0.999999999999949	1	1	1	1	1	1	1	1	1	1
depressive disorder, major	1	1	1	0.017155763230864	1	1	1	1	0.999999999878051	0.999999995723912	1	1	1	1	0.999999999038148	1	1	1	1	1	1	1	1	1	1	1	1	1	1	1	1	1	1	1	1	1	1	1	1	1	1	1	1	1	1	1	1	0.999999995723912	1	1	0.505277665410681	0.999999999594606	0.93958899511858	1	1	1	1	1	1	1	1	0.999999999999421	0.999950494819587	1	1	1	1	1	1	1	1	1	1
diabetes mellitus	1.0794369989246e-07	1	0.99926776351729	1	7.10713028896986e-51	1	1	0.995231742589704	1.63531842013349e-05	0.358729174749765	1	1.90188881315932e-165	0.99998936946443	0.999926902366571	0.00227070117739109	0.986840992786135	0.866780879687787	0.944200918871099	0.999999182014062	8.39516345413446e-320	1	0.99994486534037	1	0.999994472068161	1	0.840505946834427	1	0.999966343749537	0.999999534973179	1	0.859667435020403	2.53538871571061e-131	1	1	1	0.999999999993327	1	1	0.804826814935622	0.804826814935622	0.432472294589604	0.792700809530235	1	0.13016233755936	0.292768757018784	1.90188881315932e-165	0.999999534973179	0.358729174749765	0.292768757018784	0.998120790299888	1	1	0.999999995800041	1	1	5.47243984416354e-87	0.893510132309798	1.40031571775098e-28	1	0.00273121351718154	1.90188881315932e-165	0.966935381600474	0.349108637510702	1	1	1	0.999999999999986	2.6859781687536e-36	1	1	0.999999991962558	1	1.01965380373888e-07
diabetes mellitus, type 1	0.000222145575002623	1	0.843302593561338	1	0.37783929971866	1	1	0.9980084393532	0.999939425968362	1.36320735198892e-09	0.999999999862329	1.16661056725355e-121	0.930334216820633	3.58108983651611e-60	0.999980552922138	1	1	0.432052853233523	0.984659099902448	0.747279708214926	1	0.600713533907655	1	0.752237462006975	1	0.522474737019055	1	0.964375490548805	0.995876712986192	1	0.315958409319666	0.0428992094716142	1	1.40255257212103e-32	0.668506989040887	1	1	1	0.100737231246063	0.100737231246063	0.0443039174280416	1	0.969594221793521	0.404320071416119	0.124254215097199	1.16661056725355e-121	0.995876712986192	1.36320735198892e-09	0.124254215097199	0.998404351717126	1.65728339034356e-26	1	0.99438246289846	0.994966000468946	0.999999997220651	0.155175392248097	0.66413508031365	0.220754883564598	0.999999958338273	1	1.16661056725355e-121	0.999999998938644	0.0392944512485296	0.999999999999972	1	1	0.85434468649366	8.39516345413446e-320	1	1	0.985152555500748	1	0.984594934209469
diabetes mellitus, type 2	0.00122545422913696	1	1	1	1.12873493675856e-09	1	1	0.991089150392666	0.940828373356926	5.70562290743138e-09	1	3.02920841598843e-188	0.997417790318442	1	5.33083687632694e-11	0.688031418006696	1	0.870797418401193	1	8.39516345413446e-320	1	0.932235301601918	1	0.945137156673878	1	0.340781355942203	1	0.990327982028506	0.999996978922239	0.999999999999753	1	6.98039016700505e-13	1	1	1	0.99960611615599	1	0.999999999999987	0.999997662820276	0.999997662820276	0.469348261519688	1	1	1	1	3.02920841598843e-188	0.999996978922239	5.70562290743138e-09	1	0.191044863654074	1	1	0.999711811861942	0.999999019053151	0.999999999999992	6.63219715641916e-05	0.991442577608502	5.85037930873468e-23	0.999999999996377	1	3.02920841598843e-188	0.00125857784483266	0.997112166043313	1	1	1	0.999999999999996	1	1	1	1	1	0.00221407801914919
diabetes, gestational	0.0909379796695344	1	0.190751656726584	1	0.422541068147236	1	1	1	0.999792764583808	0.999755872117341	1	0.953414261375751	1	1	0.996107533001386	1	1	1	1	0.407371669729305	1	1	1	1	1	1	1	1	1	1	1	0.854390881457656	1	0.999999972518826	0.999999999999996	1	0.999234280693095	1	1	1	1	1	0.999999999999985	1	1	0.953414261375751	1	0.999755872117341	1	0.801785661327549	0.999966939207121	1	1	0.999999790971499	1	1	3.50231537584244e-06	0.369844651590766	1	1	0.953414261375751	1	1	1	1	1	1	1	1	1	1	1	1
diabetic nephropathies	1	1	1	0.99999999842414	0.217683925586513	1	1	0.932039344089797	0.999999999942803	0.987561296722041	0.999893449819012	3.09554872403573e-18	1	0.999999999999862	0.999999080975843	1	1	1	1	0.61355960504336	1	1	1	1	1	1	1	1	1	1	1	8.39516345413446e-320	1	1	0.755062206943501	1	0.999734569862248	1	0.931068063286292	0.931068063286292	0.553595010395519	1	1	1	1	3.09554872403573e-18	1	0.987561296722041	1	0.988893470324776	0.999999999989676	1	1	0.999999999929544	0.999833387917701	2.59396681058581e-05	1	1	0.999821622321478	1	3.09554872403573e-18	0.999999999993141	2.55203915450427e-05	0.999998894901382	1	1	0.999905229434228	1	1	1	1	1	1
endometriosis	1	1	1	1	0.960492699277429	1	1	1	1	0.11456718762643	1	0.967374203239123	1	0.999997270298062	1	0.208541278178581	1	1	1	0.999964321298416	1	1	1	1	1	1	1	1	1	0.999980784334723	1	1	1	0.999997813451443	1.23081065214328e-37	0.792784275040688	0.1699463072472	1	0.857857863911007	0.857857863911007	1	1	0.999999999998463	1	1	0.967374203239123	1	0.11456718762643	1	1	1.04978677616445e-41	1	1	0.996993297141303	0.999999939441126	1	0.24788292940095	1	1	1	0.967374203239123	1	1	1	1	1	8.39516345413446e-320	0.999999999986966	1	1	1	1	1
epilepsy	1	1	1	2.90800560571418e-177	1	1	1	1	1	1	1	1	1	1	1	1	1	1	1	1	1	0.999985197661505	1	0.999999861317307	1	1	1	1	0.999999999428888	1	1	1	1	1	1	1	1	0.999999999981379	1	1	1	1	1	1	0.924642319674238	1	0.999999999428888	1	0.924642319674238	0.999999999548301	1	8.39516345413446e-320	0.298379668578347	1	1	1	1	0.999810735099902	1	1	1	1	0.999999999999999	1	1	1	1	1	1	1	1	1	0.999999998020441
glaucoma, open-angle	1	1	0.272708201687268	0.00213582424873435	0.993168505140468	1	1	1	1	1	1	1	7.91759718996195e-07	1	1	1	1	1	1	1	1	1	1	1	1	1	1	1	1	0.999758266642667	6.88323260885538e-07	1	1	0.999999999999471	1	1	0.999979485130622	0.00741559896108426	1	1	1	1	1	1	1	1	1	1	1	1	1	1.5349474183024e-193	1	0.999999999999977	1	1	1	1	1	1	1	1	1	0.749485476493356	1	1	0.999996154858625	1	1	0.0081753978602962	1	1	1
glomerulonephritis, iga	1	1	1	1	0.196500109942242	1	1	1	1	4.44533485188737e-25	1	0.00162563622507465	1	0.313612807083546	1	1	1	1	1	0.782353994215505	1	1	1	1	1	1	1	1	1	1	1	1.05159700101746e-100	1	1.74187033299793e-39	6.49239072308893e-12	1	0.012483472366797	1	1	1	1	1	1.34460866487007e-10	1	1	0.00162563622507465	1	4.44533485188737e-25	1	1	0.105098948057129	1	1	0.0578112984377057	1	1	1	1	0.881874219842682	1	0.00162563622507465	1	0.920704490797859	0.0572376387863545	1	1	1	2.2698954117682e-31	1	1	1	0.0459416540031101	1
graft vs host disease	1	1	1	0.999999792606804	0.989492137433957	1	1	1	1	3.75377153923285e-09	0.997650440015321	4.16058319833668e-38	0.87573715203613	1.76628170349314e-244	0.992998839703253	1	1	1	1	0.993066541878693	1	1	1	1	1	0.548905856076103	1	0.616635931122544	8.50047612204887e-41	1.08756599193506e-15	1	0.929374940019312	1	2.41475228396349e-169	0.132930208795009	1	0.000991012180606885	0.989711534617711	4.9673836430195e-141	4.9673836430195e-141	0.166261443941301	1	8.39516345413446e-320	1.76925456811891e-05	1.85697602179556e-06	4.16058319833668e-38	8.50047612204887e-41	3.75377153923285e-09	1.85697602179556e-06	0.983003963802946	8.39516345413446e-320	1	1	1.25379651933876e-30	0.999829994981636	1	1	1	0.663137885945567	1	4.16058319833668e-38	1	0.00147159179172071	0.984353987817436	1	1	1.91669556758247e-126	8.39516345413446e-320	1	1	1	1	1
graves disease	1	1	1	1	1	1	1	1	0.999864404315198	0.00186011181467972	1	0.999627757212361	0.817137565021281	0.348118021570696	0.999540744537051	1	1	1	1	1.08044465606234e-20	1	1	1	1	1	1	1	1	0.950937716176757	0.999988282408872	1	0.999086007017133	1	1.23889399581254e-72	0.999999999894948	1	0.978770466991086	1	0.999903307052549	0.999903307052549	1	1	0.976253205523709	1	1	0.999627757212361	0.950937716176757	0.00186011181467972	1	1	2.22631921628143e-10	1	1	0.999638700634418	0.999501389606497	1	1	2.09599765524104e-12	1	1	0.999627757212361	0.99971440203527	1.18434558090389e-07	0.9999596603974	1	1	0.999993265063424	1.0492456041602e-187	1	1	1	1	1
heart diseases	1	0.999981845770369	0.999999999970007	1	4.6531453733441e-06	1	1	8.39516345413446e-320	8.39516345413446e-320	1	1	1	1	1	1	0.999947423544859	0.99698722407216	0.999999999694475	1	1	1	1	0.472315994698541	1	0.115401755193927	1	1	1	1	1	1	1	1	1	1	1	1	1	0.118874974808096	0.118874974808096	0.999936884305505	0.82573258371846	1	0.996046739146458	0.999692316964749	1	1	1	0.999692316964749	2.51944415602977e-88	1	1	1	1	1	0.999997395742153	1	1	1	0.999991257164657	1	8.39516345413446e-320	1	1	1	1	1	1	1	1	1	1	0.0103805776577255
hepatitis b	0.466692372337875	1	1	1	0.999999999676813	1	1	1	1	0.270002355145208	1	0.0695428120967237	1	1.79573131999489e-21	1.54852082156225e-295	1	1	1	1	0.999999999970757	1	1	1	1	1	1	1	4.1642356830308e-07	0.999938114756394	1	1	0.999859706328603	1	8.41286730391287e-06	1	1	1	1	0.999972609307097	0.999972609307097	1	1	1	0.0586579134391961	0.600831687889276	0.0695428120967237	0.999938114756394	0.270002355145208	0.600831687889276	1	1.23029773647387e-21	1	1	0.999999999999806	1	1	0.727984139338347	1	0.999999972257479	1	0.0695428120967237	1	0.999999999971673	0.999999999999748	1	1	0.99999999999924	3.2061406635508e-263	1	1	1	1	1
hepatitis b, chronic	0.125794857147389	1	1	1	1	1	1	1	1	3.03443641881575e-05	1	6.50799106280647e-43	1	1.1813381313641e-53	7.00393207550596e-195	1	1	1	1	0.997273010454535	1	1	1	1	1	1	1	1.04126121529237e-07	1	1	1	0.991853944358468	1	0.487721265471146	0.99999958870629	1	0.999959609910337	1	0.952059647616057	0.952059647616057	1	1	0.943932623127591	1	1	6.50799106280647e-43	1	3.03443641881575e-05	1	1	3.97950355398588e-16	1	1	0.999966436822381	1	1	1	1	1	1	6.50799106280647e-43	0.999999612133359	1	0.999046385000059	1	1	0.999318192514343	3.63207708629741e-195	1	1	1	1	1
hepatitis c	1	1	1	1	0.999997900179964	1	1	1	1	5.72015879873783e-05	1	1.95703672075616e-20	1	3.84163483794722e-41	8.39516345413446e-320	1	1	1	1	0.999993706936426	1	1	0.0805767364000968	1	1	1	1	2.1396451330958e-55	0.999954513051236	0.999999998840945	1	0.999915528972369	1	6.83538800476268e-25	1	1	0.999999999999903	1	0.999999999741913	0.999999999741913	1	1	0.999999999996343	0.33132799013624	1	1.95703672075616e-20	0.999954513051236	5.72015879873783e-05	1	1	3.57343800851878e-59	1	1	0.999999999999984	1	1	0.929984973533631	1	0.999999834510096	1	1.95703672075616e-20	1	1	1	1	1	1	2.64690412444675e-285	1	1	1	1	1
hepatitis c, chronic	1	1	1	1	0.999592825670796	1	1	1	1	2.40909035646267e-09	1	2.03462284852344e-31	1	5.96496713724403e-42	1.25062141113187e-233	1	1	1	1	0.927419837974488	1	1	0.0286666898585538	1	1	1	1	7.27213086326248e-48	1	0.998978568367117	1	0.986604700363308	1	2.95718368939133e-19	0.999984274766755	1	0.999992631690041	1	0.998329218286912	0.998329218286912	1	1	0.798394605873839	1	1	2.03462284852344e-31	1	2.40909035646267e-09	1	1	1.67795368458867e-47	1	1	0.999225340405813	0.999999888166853	1	1	1	0.999332242531094	1	2.03462284852344e-31	0.999999999980478	1	1	1	1	0.999999296262837	9.20419522823150e-197	1	1	1	1	1
hiv infections	1	1	1	6.851953464262e-09	1	0.999999999997844	1	0.999999999999982	1	4.73963206217761e-245	1	1	0.999999999953431	1.71533777005038e-224	1	1	1	0.973401656067323	0.999977113273622	0.999999828492243	1	0.999999354524391	1	0.999999999667106	1	0.991971242271821	1	0.871528338093248	6.18781299497076e-45	1	1	0.999637285574951	1	9.89783490679315e-41	2.86093896221865e-71	1	1	1	1	1	1	1	9.02324530558287e-23	1	1	1	6.18781299497076e-45	4.73963206217761e-245	1	1	2.86035997663556e-127	1	0.999999999999088	1	1	0.999850345515791	0.998760270303455	0.99996453819565	1	1	1	1	1	1	1	1	1	8.39516345413446e-320	1	1	1	1	1
hypercholesterolemia	1	1	1	0.999999742188083	1.92804683404097e-17	0.94543570824278	1	0.361215457598985	0.99875421596997	2.89776410931385e-38	1	1	0.925967994946118	0.999999425251129	9.98030732617456e-05	1	1	1	0.776707438970919	0.00229500886740372	1	1	1	1	1	1	1	0.336072414024862	1	0.999999972175805	1	0.999741297154224	1	1	4.12065434279968e-72	0.867718561882816	0.999865429495217	1	0.995033949695092	0.995033949695092	1	1	3.01417859016399e-07	1	1	1	1	2.89776410931385e-38	1	0.962377865104934	0.9999999214592	1	1	0.997969399480542	0.999999004757339	1	0.707261360185332	0.765765217900528	0.965732668772868	1	1	0.970593330673364	1.59856820434602e-06	0.999999815049231	1	1	0.999997278757143	1	1	1	1	1	1.5519889394937e-11
hypertension	1	1	0.987576768524737	1	4.31053443970924e-11	1	1	6.49066277639627e-13	5.88647803330716e-09	1	1	1	1	1	1	1	1	1	0.999999446523416	0.998275968767037	1	1	1	1	1	0.9992456165724	1	0.99987301243635	1	1	1	0.000875465513090141	1	1	1	1	1	1	1	1	0.999843168276197	1	1	1	1	1	1	1	1	1	1	1	0.999999999999316	1	1	0.261427892197727	0.829309211276287	0.999986845019667	1	1	1	0.999999999814725	1	1	1	1	1	1	1	1	1	0.609973672302719	2.26811910732882e-37
hypertrophy, left ventricular	1	1	1	1	0.427149289221902	1	1	8.20471515773784e-48	8.39516345413446e-320	0.996584841232945	1	1	1	1	1	1	1	1	1	0.790419792029222	1	1	1	1	1	1	1	1	1	1	1	1	1	1	0.999999999999997	1	0.696790785296119	1	0.924996114444676	0.924996114444676	1	1	0.999999999999997	1	1	1	1	0.996584841232945	1	0.725316945842949	1	1	1	0.999999999970314	0.999978804462444	1	1	0.518722010910555	1	1	1	1.07109960657843e-49	1	1	1	1	0.996572740430143	1	1	1	1	1	0.509651091194078
infertility, male	1	1	1	1	1	0.950527188950541	1	1	1	0.999999999999976	0.999977166213246	1.8793906379797e-77	1	0.999999999936401	0.999999999659857	1	1	1	0.0718457337646452	0.99758133516064	1	1	1	1	1	1	1	1	1	1	1	0.924565509405097	1	1	1	0.876430785446711	0.0217340899351114	0.999801472448181	0.999716484602005	0.999716484602005	0.610289620861028	1	1	1	1	1.8793906379797e-77	1	0.999999999999976	1	1	0.999999998852257	1	1	0.999999999990882	0.999999994041011	1	1	1	1	1	1.8793906379797e-77	1	0.908819364563825	0.999998130536304	1	1	0.999999708249724	1	1	1	1	1	1
inflammatory bowel diseases	1	1	1	1	0.997870005092427	1	1	1	1	5.77464380125083e-62	0.999999999999475	8.6981282892605e-11	0.999190624004075	1.07288300733906e-34	1	0.560438568428797	9.4337881352486e-15	1	1	0.998551724702562	1	1	1	1	1	1	1	1	0.99511466990328	1	0.311146918295968	0.999999999999816	1	4.03423423310151e-20	3.62179249377935e-28	0.99604156708388	3.32810815855014e-29	0.999999999839538	0.795451621323346	0.795451621323346	0.453775733528302	1	6.15455873661792e-24	1	1	8.6981282892605e-11	0.99511466990328	5.77464380125083e-62	1	0.999999091046614	0.000416737319106979	1	0.999871987069917	1.6240999542715e-80	0.999999999999964	0.970836339169834	1	0.98111325479408	0.999927511933782	1	8.6981282892605e-11	1	0.999999999990479	0.360681576938039	1	1	0.984895966858527	5.02082929460206e-304	1	1	1	1	1
intracranial aneurysm	1	1	1	0.999999999836774	0.0325248981205041	1	1	1	1	1	1	1	1	1	1	1	1	1	1	1	1	1	1	1	1	1	1	1	1	1	1	1	1	1	1	1	0.99999993730056	1	0.999999110262348	0.999999110262348	1	1	1	1	1	1	1	1	1	0.993286659265564	0.999999999999986	1	1	1	1	1	1	1	1	1	1	1	0.988373267647114	1	1	1	0.999999999992551	1	1	1	1	1	0.647884877246436
ischemic stroke	1	1	0.924756486889391	2.16717756705709e-160	2.42383625999241e-08	1	1	0.999992640548048	1	0.999999999999593	1	1	1	1	1	1	1	1	1	0.999999999947302	1	1	1	1	1	1	1	1	0.999999984201977	1	1	0.999999999999999	1	1	1	1	1	1	3.81998598157279e-11	3.81998598157279e-11	0.686811064992618	1	1	1	0.00182558710206312	1	0.999999984201977	0.999999999999593	0.00182558710206312	0.999999946638461	1	7.73292920340437e-161	6.2932394185521e-57	0.999999992508185	1	3.37616086389917e-07	1	1	0.999999999999975	1	1	1	1	1	1	1	2.18528758616195e-14	1	1	1	1	1	0.990498416583305
kidney diseases	0.919933745697879	0.975013875514494	0.998485916451041	1	0.99873514581325	1	1	0.999999987450886	1	0.0759012157534154	1	1	1	1	1	1	1	0.997119624448549	0.999999999777612	1	1	1	1	1	1	1	1	0.999999999846461	1	1	1	8.39516345413446e-320	1	0.999955448210478	0.999999679300381	1	1	1	0.999999990331491	0.999999990331491	0.805666018049648	1	1	0.677925085506243	0.828283865259037	1	1	0.0759012157534154	0.828283865259037	1	0.716696912135261	1	1	1.72758438729668e-08	1	8.5026660617055e-05	0.999999794798643	0.999999999484526	0.557726302934869	1	1	1	0.999999986822995	1	1	1	1	1	1	1	0.999999999987855	6.54211822316769e-09	0.939513590966048
kidney failure, chronic	1	1	1	1	0.922220876261044	1	1	0.999979516471713	1	0.115587211895745	0.999997909060308	1	1	1	1	1	1	1	1	0.999999937259017	1	1	1	1	1	1	1	1	0.999988585865272	1	1	5.9351040425772e-27	1	1	1	1	0.999999999999999	1	0.999999948730903	0.999999948730903	0.627360656930491	1	0.65836540226753	1	1	1	0.999988585865272	0.115587211895745	1	0.999983357545235	1	1	1	0.0113176101930255	0.108704566570866	0.989860893993794	1	0.994233413248996	7.41844384402492e-15	1	1	1	0.999999999999817	1	1	1	1	1	1	1	1	1	0.0030956082795428
lupus erythematosus, discoid	1	1	1	1	1	1	1	0.305758599878269	0.828837279351952	0.0583263110398154	1	0.796787822068796	1	0.00828748195485753	1	1	1	1	1	0.21138249674928	1	1	1	1	1	1	1	1	0.000274915509815745	1.02563929120664e-10	1	1	1	0.000105712471988302	0.183266361546074	1	0.933311088465564	0.260555286687442	1	1	1	1	0.678857001257289	1	1	0.796787822068796	0.000274915509815745	0.0583263110398154	1	1	0.900251080950732	1	1	6.72226117300541e-40	1	1	1	1	0.690100578986071	1	0.796787822068796	0.904711076844076	0.0138168279473414	1	1	1	1	2.66919928271174e-12	1	1	1	1	1
lupus erythematosus, systemic	0.487180701535431	1	1	0.999999999999998	0.0315945454308655	1	1	0.905431975134592	0.999999997035387	4.13646930170804e-145	0.999998608787945	0.95865039289177	0.996977261294772	1.08728646349411e-104	0.999999999999955	1	1	1	0.964607743011619	0.999999999994451	1	1	0.0828605643329008	1	1	1	1	1	0.156765228621288	0.217424972122883	1	1.78822323186091e-38	1	8.39516345413446e-320	2.33323585027925e-12	1	0.999999584868062	0.999987208643822	0.813470544839308	0.813470544839308	1	1	6.27335093771482e-93	1	0.075504198749177	0.95865039289177	0.156765228621288	4.13646930170804e-145	0.075504198749177	1	3.41656543621277e-27	1	1	8.39516345413446e-320	1	1	0.935285252963487	0.960625781635907	0.914720118180129	1	0.95865039289177	1	0.895765258085661	0.999999935332478	1	1	0.998682249626978	8.39516345413446e-320	1	1	1	1	1
lupus vulgaris	1	1	1	1	1	1	1	1	1	0.402062560755039	1	0.94710777326093	1	0.00265742940401244	1	1	1	1	0.0985241764600211	1	1	1	1	1	1	1	1	1	0.00427781411900631	0.338509773279558	1	0.52372512207522	1	7.48970035748619e-10	0.16557723185329	1	0.0731895412634705	1	0.624639248217743	0.624639248217743	0.0611214554168826	1	0.733358915026869	1	1	0.94710777326093	0.00427781411900631	0.402062560755039	1	1	0.655696412077545	0.999999997547345	1	0.172439515290067	1	1	1	1	1	1	0.94710777326093	1	0.551086137585225	1	1	1	0.835042627815297	1.81975861983667e-13	1	1	1	1	1
macular degeneration	1	1	1	0.983628278771933	0.139081562858881	1	1	1	0.999999911364382	0.999999970176086	0.999427163946692	1	0.121632238504298	0.999999989845713	0.999973342745202	1	1	1	1	1	1	1	1	1	1	1	1	1	1	0.999952425945253	1	1	1	1	0.999368392495706	1	1	0.147661535899325	0.999593329293524	0.999593329293524	1	1	1	1	1	1	1	0.999999970176086	1	1	0.999999998340732	4.9190379726176e-42	0.906187796081327	1	1	0.239572126659936	1	1	1	1.12623991909829e-63	1	0.99999999880855	0.997805887204661	0.999986236315488	1	1	0.999999865313529	1	1	0.0123057517219949	1	1	1
malaria	1	1	1	0.999999999999516	0.99508820373762	1	1	1	1	7.92376886838148e-21	1	1	1	2.06194971369688e-10	4.64274784614708e-33	1	1	1	1	0.999999999999947	1	1	1	1	1	1	1	1	1	1	1	0.999999955298829	1	2.558454616922e-13	3.56198059572363e-12	1	0.99999999999997	1	0.999999999999825	0.999999999999825	1	1	3.19977207755246e-17	1	1	1	1	7.92376886838148e-21	1	0.977079093241262	2.76154473250505e-05	1	0.999505750165512	0.999998840634166	1	0.950316480059935	0.0263653515785255	1	4.88588579051762e-92	1	1	1	0.999999999941343	0.999999999999842	1	1	1	8.91270883011487e-188	1	1	1	1	1
malaria, falciparum	1	1	1	0.927468003604724	0.0440544938307569	1	1	1	0.999999971348684	3.1262790494585e-30	1	0.987699691722994	1	0.00181962649174468	4.56524892805088e-05	1	1	1	1	0.999811154884378	1	1	1	1	1	1	1	1	1	1	1	0.999074699377679	1	0.00250841696069499	0.328141841119904	1	0.999948461408962	1	1	1	1	1	1.75508654606609e-07	1	1	0.987699691722994	1	3.1262790494585e-30	1	0.963631234060563	3.85773045161781e-05	1	0.881798902957363	0.620175866101042	1	0.569200165900828	0.000182809327508906	1	0.000331050222560692	1	0.987699691722994	1	1	0.999958936791577	1	1	0.999999233223898	3.73795171355384e-86	1	1	1	1	1
meningococcal infections	1	1	1	0.999466660054238	0.939584942251138	1	1	1	0.999237039070422	0.0566800892483499	1	1	1	0.999683517060817	1	1	1	1	1	1	1	1	1	1	1	1	1	1	1	1	1	1	1	0.894323970702616	0.999999470699121	1	1	1	1	1	1	1	0.997085661208589	1	1	1	1	0.0566800892483499	1	1	0.999910099746	1	1	4.46954489998108e-10	1	1	1	1	0.985420429863581	1	1	0.999999358885854	1	0.35884824330232	1	1	1	0.999999999996496	1	1	1	1	1
mental disorders	1	0.999999118660709	0.999999999993629	4.60771227816407e-76	1	1	1	1	1	1	1	1	1	1	1	1	1	1	1	1	1	1	1	1	1	1	1	1	1	1	1	1	1	1	1	1	1	1	1	1	1	0.991729289475322	1	1	0.99999999550327	1	1	1	0.99999999550327	1	1	1.4872699902576e-190	0.616061861711829	1	1	0.999997609607923	1	1	1	1	1	1	1	1	1	1	1	1	1	1	1	1	1
metabolic syndrome x	1	1	1	0.999999998121748	0.0125475694210338	1	1	0.744931990944959	0.557159150185673	0.446786976529893	0.998838189066587	0.999995139831922	1	0.999999999163669	1.76141204480839e-07	1	1	0.370668966697194	1	1.6893574927972e-282	1	1	1	1	1	0.581711234921737	1	0.0221027685907369	1	0.999996154914895	1	0.237054695435672	1	1	0.977166264298705	1	0.999979649689574	0.9992774554635	0.999634637149302	0.999634637149302	0.550465886883636	1	0.999999999999984	0.150470406933723	1	0.999995139831922	1	0.446786976529893	1	0.650860656092973	0.99999999980638	1	1	0.999999999647791	0.99999856854488	0.106270271420294	1	2.1621873052726e-16	1	1	0.999995139831922	0.993180638831551	1	1	0.0441190127402248	1	0.999106329911148	1	1	1	1	1	0.180387260607994
migraine disorders	1	1	1	0.999989776073961	0.329599950621458	1	1	1	1	0.999999961851055	1	1	1	1	0.999999998885939	1	1	1	1	0.99999758575013	1	1	1	1	1	1	1	1	1	1	1	1	1	1	1	1	0.373903844066773	0.999697836022061	1	1	1	1	1	1	1	1	1	0.999999961851055	1	1	0.99999999991396	0.019939883223733	1	1	1	1	1	1	1	1	1	0.999999999530523	1	0.999999758331786	1	1	1	1	1	1	1	1	1
mood disorders	1	1	1	0.999999999997462	1	1	1	1	1	1	1	1	1	1	1	1	1	1	1	1	1	1	1	1	1	1	1	1	1	1	1	1	1	1	1	1	1	1	1	1	1	1	1	1	1	1	1	1	1	1	0.999991072723164	1	0.999963952365507	1	1	1	1	1	1	1	1	1	0.999999999999999	1	1	1	1	1	1	1	1	1	1
mucocutaneous lymph node syndrome	1	1	1	1	3.17833083189776e-06	1	1	1	1	2.89908191832352e-13	1	0.999996278020416	1	0.918071732233027	1	1	1	1	1	1	1	1	0.00808336951433097	1	0.00301543049196629	1	1	1	1	1	1	1	1	8.52019851943927e-06	0.0569991623859466	1	0.991046313312997	1	0.948277795431471	0.948277795431471	1	1	0.00754123511205326	1	1	0.999996278020416	1	2.89908191832352e-13	1	1	0.367840707835879	1	1	3.08193625406528e-17	1	1	1	1	1	1	0.999996278020416	0.998973014914746	1	0.834138304514264	1	1	0.995691442063965	1.37143058128132e-13	1	1	1	1	1
multiple sclerosis	1	1	0.738963065633846	3.38158018018229e-284	0.773788977489231	1	1	1	1	4.06911188271341e-95	1	1	1	1.16627694715308e-32	1	1	1	1	1	0.999999999997118	1	1	1	1	1	1	1	1	0.995198395831394	0.999999999999999	1	0.999999999603192	1	1.80563830285013e-217	1.20584430475978e-28	1	0.99632069560029	0.999998962333113	0.225900927792185	0.225900927792185	0.548865218636408	1	3.93434726271402e-19	0.31298967598018	0.221276863855747	1	0.995198395831394	4.06911188271341e-95	0.221276863855747	1	5.74002267566693e-45	8.39516345413446e-320	1.36451060142032e-07	0.999998893646999	1	0.926442243712751	0.916281052960527	1	0.999995840055574	1	1	1	0.999999978952187	0.999999999999974	1	1	0.99332530983717	8.39516345413446e-320	1	1	1	1	1
myocardial infarction	1	1	0.93673924152806	1	2.04462435754442e-10	1	1	1.24573053260898e-178	8.39516345413446e-320	0.999958326060631	1	1	1	1	1	0.866731306512515	1	1	1	0.999999999999928	1	1	1	0.99999998362716	1	1	1	1	1	1	1	1	1	1	1	1	0.999999999999998	1	2.46022050042275e-113	2.46022050042275e-113	0.162025227416792	0.166043665523513	0.999999799294344	0.712563472090194	0.0760805423881617	1	1	0.999958326060631	0.0760805423881617	3.48690381129212e-156	1	1	0.999999924088013	0.00421941371450624	1	0.759316069218945	0.999735386885722	1	1	1	1	3.76814183223337e-11	1	1	1	1	5.11772372015517e-65	1	1	1	1	1	0.989442974476797
myocardial ischemia	1	1	0.999776793315585	1	7.67978004312154e-53	1	1	2.74191064769797e-150	8.39516345413446e-320	0.999933138560149	1	1	1	1	1	0.95653518619892	1	1	1	1	1	1	0.470254012756523	1	0.210544663111208	1	1	1	1	1	1	1	1	1	1	1	1	1	3.35680737780616e-52	3.35680737780616e-52	0.620080397244117	0.53132250343568	1	0.806223854023099	0.715490899618715	1	1	0.999933138560149	0.715490899618715	7.47198902671253e-106	1	1	1	0.00441954899904501	1	0.95780949921441	0.999999998154215	0.999999985065219	1	1	1	3.02700267037947e-27	1	1	1	1	3.15392884047399e-12	1	1	1	1	1	1.76364038896029e-12
obesity	0.568851491678388	1	1	1	0.997673852405179	0.99999999127713	0.795981109945237	0.999994571177089	0.999999839598021	0.999999999996464	1	1	0.999999938882535	1	2.80709613326926e-09	0.853073097879145	1	1	0.996035894125552	8.39516345413446e-320	1	1	1	1	1	1	1	0.011393122383285	0.999999999925904	1	1	0.999999998449585	1	1	0.999941366125998	1	1	0.999999999982511	0.999973377982726	0.999973377982726	1.15221167359405e-10	0.501854207755479	1	0.3314037227781	1	1	0.999999999925904	0.999999999996464	1	0.96475645132228	1	1	0.999963967849638	1	1	0.997571429542031	0.996506220126986	8.39516345413446e-320	1	1	1	0.59713384801424	1	1	1	1	0.999919012315207	1	1	1	1	1	0.943948811082553
obesity, morbid	1	1	1	1	1	1	1	1	0.999878855752305	0.999999356872374	1	1	1	0.999994418070251	0.589813401359387	1	1	1	1	1.02341299590486e-38	1	1	1	1	1	1	1	1	1	1	1	1	1	0.999999999999954	0.999999999999481	1	0.999990796520725	1	1	1	1	1	1	1	1	1	1	0.999999356872374	1	1	0.999999942694392	1	1	0.999999971789954	1	1	1	0.171974169954915	0.993375881300031	1	1	0.997816064821412	1	1	1	1	0.999978055116051	1	1	1	1	1	1
osteoarthritis	1	1	1	1	0.999999974170175	1	1	1	1	0.41966722609337	8.39516345413446e-320	1	1	1	1	0.447196678834978	1	1	1	0.95782497745985	1	0.975603027388215	1	0.994870580006099	1	1	1	1	1	0.999999999999956	1	0.999999999343959	1	0.999999999999955	0.00273605854982661	1	0.999994146966914	1	1.26440326779791e-49	1.26440326779791e-49	0.00251058920736076	1	0.999999999983691	1	1	1	1	0.41966722609337	1	0.971264979750473	1	1	1	0.992055602502366	4.5090079617443e-58	0.921845989977151	1	1	0.999999995597334	1	1	1	0.995107064679207	1	1	1	4.76387459033191e-34	1	0.206581220692117	1	1	1	0.990444754186954
osteoarthritis, knee	1	1	1	1	1	1	1	1	1	0.99999958586279	8.39516345413446e-320	1	1	0.99999989470627	1	0.134349673440972	1	1	1	0.8748365410046	1	1	1	1	1	1	1	1	1	1	1	1	1	0.999999997750761	0.999974821341803	1	0.999980091311369	1	4.77873167032467e-11	4.77873167032467e-11	0.0718398686195594	1	0.999999999999992	1	1	1	1	0.99999958586279	1	0.912984168123806	0.999976026026221	1	1	0.999999964269145	0.000406103824380919	1	1	1	1	1	1	0.999980412713932	0.996139959283343	1	1	1	1.29297740776856e-07	1	1	1	1	1	1
osteoporosis	1	1	1	1	0.999999999368834	1	1	1	1	0.999999999995481	0.928689510334649	1	1	1	1	1	1	0.658292572897458	1	2.13333335003576e-17	1	0.89498679594289	1	0.907536274647382	1	0.867473013948894	1	1	0.999916730046334	1	1	0.999999999660709	1	1	2.10689452861926e-284	0.983651555890356	0.624540920055577	1	1.50154192256981e-39	1.50154192256981e-39	0.00296831412842263	1	0.858526426491295	1	1	1	0.999916730046334	0.999999999995481	1	0.999967828871143	1	1	1	1	8.39516345413446e-320	1	1	0.947745899977782	0.999999997583768	1	1	1	0.999981298605687	0.999999999989216	1	1	1.4267103256828e-36	1	1	1	1	1	0.992033719441953
pancreatitis, chronic	2.73602359841783e-22	1	1	0.914648938647754	1	1	1	1	1	0.87564630045217	1	0.492537428189419	1	0.873785166233826	0.92606257928025	1	1	1	1	0.75677343132772	1	1	1	1	1	1	1	0.120646144060712	1	1	1	1	1	6.19866645177765e-05	0.477711738240022	1	0.696272606389674	1	1	1	1	1	0.958267530195914	1	1	0.492537428189419	1	0.87564630045217	1	1	0.969294937302019	0.999999947532679	1	0.999127030617971	1	1	1	1	1	1	0.492537428189419	1	1	1	1	1	0.529782931577754	0.587215795032549	1	1	1	1	1
panic disorder	1	1	1	1	1	1	1	1	0.999266457628241	1	1	1	1	1	1	1	1	1	1	1	1	1	1	1	1	1	1	1	1	1	1	1	1	0.999999997058848	1	1	0.997769306199449	1	1	1	1	1	1	1	1	1	1	1	1	1	0.992556061640285	0.99999999999814	1	0.999999633853228	1	1	1	1	1	1	1	1	1	1	1	1	1	1	1	1	1	1	1
periodontitis	1	1	0.507383394227935	1	0.000506120192850273	1	1	0.960631883878283	1	1.94259365933221e-45	1	0.052669623925449	1	1.15837469666547e-09	0.999999999833621	0.0413479918624253	1	4.66163488118538e-14	1	0.937994822011074	1	8.39516345413446e-320	1	8.39516345413446e-320	1	1.09359425986195e-314	1	1	8.42647017290706e-18	4.4759172259085e-11	1	0.999988934897166	1	1.65396438599283e-82	2.17520668345545e-107	1	4.70097699800524e-07	0.999845817559908	0.184820228762964	0.184820228762964	1	1	3.27728183882014e-11	1	1	0.052669623925449	8.42647017290706e-18	1.94259365933221e-45	1	1	0.419656170487711	1	1	8.39516345413446e-320	1.20705447520884e-31	1	1	1	1	1	0.052669623925449	1	0.999940636532273	0.999989503799341	1	1	0.83861740297062	7.92197127277038e-32	1	1	1	1	1
pre-eclampsia	1	0.337863806204746	0.00614382258987252	0.999999999979746	2.66324972431192e-25	0.956097272951266	1	1	0.9999944231016	0.0555016903725493	1	0.999999999995654	0.939059251799092	0.999932918596704	0.999999999869538	1	1	0.433058240804967	1	0.999989098334977	1	1	1	1	1	1	1	1	0.958334602588051	1	1	1.83818917292381e-09	1	0.999999999999927	1	1	0.999988972354947	1	0.997600949946077	0.997600949946077	1	1	0.999996598441193	1	1	0.999999999995654	0.958334602588051	0.0555016903725493	1	1	2.20906158334819e-16	1	1	0.0133577340906418	0.999999999892698	1	1.82139011611184e-160	1	0.897423546810418	1	0.999999999995654	1	0.999996052901295	0.999998973995669	1	1	0.999768465782386	0.999999999999474	1	1	1	1	0.161986214326151
premature birth	0.0847206889067933	1	6.61407033517204e-08	0.905193079766925	0.593731991743403	0.576490881935067	0.00256925288416629	1	0.996625039541443	0.930150423331041	1	0.99999999999998	1	0.999949221163406	0.999225121781461	1	1	1	1	1	1	1	1	1	1	1	1	1	1	0.964001341203016	1	0.824451612585446	1	0.999999065880867	0.999986885155482	1	1	0.912510989882354	0.920991603634648	0.920991603634648	1	0.0317489284803508	0.999999588512566	1	1	0.99999999999998	1	0.930150423331041	1	1	0.961628070241833	0.99999999987167	0.620253968555192	0.984765207887775	1	0.317398290062356	0.0518524536642234	1	1	1	0.99999999999998	1	1	0.310352087239276	1	1	0.982550794177326	0.999999999990907	1	1	1	1	1
primary idiopathic dilated cardiomyopathy	1	1	1	1	0.945978564197232	1	1	1.31451099210055e-32	8.39516345413446e-320	0.999317500343647	1	1	1	0.999158940927193	0.999991488097279	1	1	1	1	0.996461428831472	1	1	1	1	1	1	1	1	1	0.999967664142119	1	0.952681337047147	1	0.999997964167396	0.999999990694509	1	0.917003862292036	1	0.734540269711224	0.734540269711224	0.418297344446752	1	0.999999998214423	1	1	1	1	0.999317500343647	1	2.84418360570056e-14	0.0138360488746442	1	1	0.999999869003185	1	1	1	1	1	1	1	1.84546761972563e-191	0.683396681414087	1	1	1	0.844546858089679	0.199247505672757	1	1	1	1	0.598365240496011
primary ovarian insufficiency	1	1	1	1	1	1	1	1	1	0.877519059728258	1	0.001921374542078	1	0.734435634396298	1	1	1	1	1	1	1	1	1	1	1	1	1	1	1	1	1	1	1	0.665597954119111	0.996726834233585	1	1	1	0.302503594701494	0.302503594701494	1	1	0.982054652120311	1	1	0.001921374542078	1	0.877519059728258	1	1	0.463164776732971	0.999999999903839	1	1	1	1	0.00430065614029218	1	1	1	0.001921374542078	1	1	1	1	1	0.60224870050883	0.932496223070339	1	1	1	1	1
psoriasis	1	1	1	1	0.999584593220163	1	1	1	1	6.41616293977288e-40	1	5.33789977502853e-306	0.971005179947001	1.030265667298e-158	0.999999999999995	1	1	1	1	0.999996981138999	1	1	1	1	1	0.391132652769337	1	1	9.53774061619297e-152	8.39516345413446e-320	1	0.999992758735792	1	0.0552996543823042	0.916848378408848	1	4.83380793591628e-27	7.10999523911679e-19	0.999993972069864	0.999993972069864	1	1	7.87483668323374e-08	1	1	5.33789977502853e-306	9.53774061619297e-152	6.41616293977288e-40	1	0.999010576768229	3.12786412492871e-13	1	1	1.1691292785721e-163	0.999999991687829	0.827608868101378	1	1	0.99691402066088	1	5.33789977502853e-306	1	1.06243001407069e-57	0.999999829587405	1	1	0.999999510931686	8.39516345413446e-320	1	1	1	1	1
pulmonary disease, chronic obstructive	0.390953130197585	2.02432103724117e-13	1	1	0.955853779357334	2.10379196223443e-81	5.9918649327634e-19	1	0.999912388196725	0.925866650539223	1	1	0.986534688731186	0.97268297480213	0.999999999996268	1	1	1	1	0.999999909297947	1	1	1	1	1	1	1	1	0.981834764690548	0.999999999999685	1	0.999999980281189	1	1	1.95857094308988e-49	1	0.239330176488944	1	0.992678623112641	0.992678623112641	0.778760863123636	1	1	1	0.515373198838436	1	0.981834764690548	0.925866650539223	0.515373198838436	0.990074195905388	0.999999154873237	1	1	8.16513779831701e-179	1	0.882206074835781	1	1	1	1	1	0.0125350657065575	0.999999903362432	2.53562271080233e-170	1	0.00290504849218042	0.999994621686029	0.999988971623693	1	1	4.00895903725032e-07	1	0.810693738292642
retinal diseases	1	0.821024552997399	1	7.76324824309656e-07	3.45130778632642e-37	0.999997837446688	1	1	1	1	1	1	0.00429126079188646	1	1	1	1	1	1	1	1	1	1	1	1	1	1	1	0.99999997810025	1	1	1	0.300636941710609	1	1	1	1	0.00480151871748571	0.999999999995479	0.999999999995479	0.983240383072936	1	1	1	1	1	0.99999997810025	1	1	0.999999999876448	1	8.39516345413446e-320	0.500286650150859	1	1	2.13837741508957e-156	1	0.998511143900555	1	2.99646097355875e-94	1	1	0.000938295561213928	1	1	1	1	1	1	0.0740324799350273	1	1	0.999967419419006
sarcoidosis	1	1	1	0.999999994558935	1	0.311026359971478	1	1	0.999999997753377	7.02244584361508e-51	0.999954893337854	1	1	0.058252496547857	0.999999999935645	1	1	1	1	1	1	1	1	1	1	1	1	1	1.15014800405887e-06	0.999999130768592	1	0.999968861098094	1	3.50280021643698e-12	2.79716408158426e-284	1	0.00925281190382134	0.996929237045524	1	1	1	1	1.53503049067497e-09	1	1	1	1.15014800405887e-06	7.02244584361508e-51	1	1	0.177023392717979	1	1	6.10012909491727e-09	1	0.713777964777119	1	1	1	1	1	0.999999485663856	1	0.0527448530235394	1	1	0.999999999988749	1.67175743766917e-178	1	1	1	1	1
schizophrenia	1	1	1	0.582801579067854	1	1	1	1	1	1	1	1	0.999958626931487	1	1	1	1	1	1	1	1	1	1	1	1	1	1	1	1	1	1	0.999999999999999	1	1	1	1	1	1	1	1	1	1	1	1	1	1	1	1	1	1	1	6.86339986116499e-10	0.501924978795955	1	1	1	1	1	0.999999999972115	1	1	1	0.999999978051642	1	1	1	1	1	1	1	1	1	1
scleroderma, systemic	1	1	1	1	2.80459137174894e-07	0.647588939521828	1	0.671056933440269	0.990508250712513	7.35520952682756e-17	0.996560660267622	0.936933060487552	0.86158675927256	0.401188352016603	0.999998102203715	0.0223540736357558	0.100822622470615	1	1	0.999499230226984	1	1	1	1	1	1	0.017668763691786	1	0.0657603794567288	0.254755177023522	1	0.961533340342124	1	1.3510512717163e-27	0.989381531454097	1	3.05256953758555e-18	0.870762227746749	0.0143042359041839	0.0143042359041839	1	1	4.58472170842246e-05	1	1	0.936933060487552	0.0657603794567288	7.35520952682756e-17	1	0.979017095652037	0.0415965556778806	1	1	1.06059568630463e-10	1	0.00053529778926371	1	0.667976704952963	0.861170530832543	1	0.936933060487552	0.998570738215201	8.39516345413446e-320	0.294184645300745	1	1	0.070034517478447	1.88514438046237e-55	1	1	1	1	0.728163718380363
sleep apnea, obstructive	1	1	1	0.999930117193164	5.55922157109433e-06	1	1	1	0.999916123956004	0.985602297791889	1	1	1	1	1	1	1	1	1	0.166711063245859	1	1	1	1	1	1	1	1	1	1	1	0.996600332579878	1	0.999999999997986	1	1	1	1	0.995332357517054	0.995332357517054	1	1	0.999999999999947	1	1	1	1	0.985602297791889	1	0.932570245802924	0.999999377246236	0.999999999993177	1	0.998626186508112	0.999850902832318	1	1	1	1	1	1	0.752270983266813	1	0.988400745704724	1	1	0.999888983480288	1	1	1	1	1	1
spondylitis, ankylosing	1	1	1	1	1	1	1	1	0.999991132646596	0.0735033544401784	0.915897210959015	1	1	0.533271344159111	1	1	1	1	1	1	1	1	1	1	1	1	1	1	1	1	1	1	1	0.00262371121253969	0.992329741867076	1	0.999930562371904	0.988253287332648	0.945755469493802	0.945755469493802	1	1	0.987657796104303	1	1	1	1	0.0735033544401784	1	1	0.227228992281197	1	1	0.187201237974736	0.598590741345592	1	1	1	1	1	1	0.999996492891157	1	1	1	1	0.999538825244042	4.34835641644588e-18	1	1	1	1	1
stroke	1	1	0.924756486889391	2.16717756705709e-160	2.42383625999241e-08	1	1	0.999992640548048	1	0.999999999999593	1	1	1	1	1	1	1	1	1	0.999999999947302	1	1	1	1	1	1	1	1	0.999999984201977	1	1	0.999999999999999	1	1	1	1	1	1	3.81998598157279e-11	3.81998598157279e-11	0.686811064992618	1	1	1	0.00182558710206312	1	0.999999984201977	0.999999999999593	0.00182558710206312	0.999999946638461	1	7.73292920340437e-161	6.2932394185521e-57	0.999999992508185	1	3.37616086389917e-07	1	1	0.999999999999975	1	1	1	1	1	1	1	2.18528758616195e-14	1	1	1	1	1	0.990498416583305
sudden infant death	1	1	1	0.000175581481343663	1	0.598277886462917	1	0.246894436722434	0.220507021282882	0.999709692773105	1	1	1	0.992815971079599	1	1	1	1	1	0.983869188425274	1	1	1	1	1	1	1	1	1	1	1	1	1	0.999998225958477	0.984131611229994	1	0.00104967467789636	0.924679258161539	1	1	1	1	0.999999999998239	1	1	1	1	0.999709692773105	1	1	1	9.78158378664743e-11	1	0.999999725344644	1	1	1	1	1	1	1	0.888393742013629	0.702439998774554	0.359302304711693	1	1	1	1	1	1	0.0823175994100647	1	1
tobacco use disorder	1	0.127740371583241	1	1	1	1	1	1	1	0.999998914151399	1	1	1	1	1	1	1	1	1	1	1	1	1	1	1	1	1	1	1	1	1	1	1	0.999999999994063	0.999999999999532	1	1	1	1	1	1	1	1	1	1	1	1	0.999998914151399	1	1	0.999990392081174	0.99999999971573	1	0.999999999928482	0.999504271588501	1	1	1	1	1	1	1	1	0.996007380626449	1	1	1	1	1	1	1	1	1
tuberculosis	1	0.0239630435127844	1	1	1	0.978264734208544	1	1	1	1.32578545411303e-05	1	1	1	0.291855647166001	1	1	1	1	0.999982925920269	1	1	1	1	1	1	1	1	1	0.998872952857211	1	1	1	1	1	1.09406793192328e-157	1	1	1	1	1	0.998738234118474	1	1	1	1	1	0.998872952857211	1.32578545411303e-05	1	1	0.999999990912127	1	1	0.999999971608907	1	1	1	0.999975763422323	1	1	1	1	1	0.816920247241567	1	1	1	2.80288213230079e-187	1	1	0.999984331718355	1	1
tuberculosis, pulmonary	1	0.0301187873253663	1	1	1	0.516104621132959	1	1	1	0.0133326391378572	1	1	1	0.999949211433417	1	1	1	1	1	1	1	1	1	1	1	1	1	1	0.999903762726232	1	1	1	1	0.999999856261864	1.47194362407444e-12	1	1	1	1	1	1	1	1	1	1	1	0.999903762726232	0.0133326391378572	1	1	0.996320994458312	1	1	0.616953589051569	1	1	1	1	0.999999999995374	1	1	1	1	0.242793800434991	1	1	1	2.29799912842831e-41	1	1	1	1	1
venous thromboembolism	1	1	1	1	0.889597414404511	1	1	1	1	0.999431335398175	1	1	1	1	1	1	1	1	1	1	1	1	1	1	1	1	1	1	1	1	1	0.896500821410723	1	1	0.999999999997164	1	1	1	1	1	1	1	0.99999999990234	1	1	1	1	0.999431335398175	1	1	0.998951018904096	1	1	0.998006167848697	1	1	1	1	1	1	1	1	1	0.962358554741466	1	1	1	1	1	1	1	1	1
vitiligo	1	1	0.11247103899842	1	1	1	1	1	1	0.727626487298567	1	8.39516345413446e-320	1	5.63002601404424e-29	1	0.0524821088822738	1	1	1	1	1	1	1	1	1	1	1	1	4.90241977211946e-49	1.08151269108496e-126	1	1	1	0.163486650658235	0.999863353070516	1	0.76819117057663	8.39516345413446e-320	0.720807756594098	0.720807756594098	1	1	0.999907811324951	1	1	8.39516345413446e-320	4.90241977211946e-49	0.727626487298567	1	1	0.00272546107575529	0.999999999345375	1	0.999900259569631	1	1	0.19775188101292	1	1	1	8.39516345413446e-320	1	0.343820722479676	0.765526921225975	1	1	0.946916863608755	4.10954421476927e-45	1	1	1	1	1
